game_name,title,view,dm,like,coin,collect,share,upload_date,url
暗黑破坏神II,【庇护之地全新篇章】新的敌人已经出现！,1.7万 ,40,377,20,11,25,2022-03-29,https://www.bilibili.com/video/BV1Ur4y1W7s2
暗黑破坏神II,《暗黑破坏神：不朽》玩法介绍,6.4万 ,39,597,22,22,206,2022-03-29,https://www.bilibili.com/video/BV1x94y1f7CE
暗黑破坏神II,2022今年一定！《暗黑破坏神：不朽》给大家拜年了,3.0万 ,100,507,19,18,82,2022-02-01,https://www.bilibili.com/video/BV1bP4y1A7Qm
暗黑破坏神II,2022今年一定！《凯恩的邀约》制作人见面会全程回顾,1.0万 ,45,187,11,20,24,2022-01-11,https://www.bilibili.com/video/BV1D44y1j7aZ
暗黑破坏神II,1月7日《暗黑破坏神：不朽》制作人访谈首播，我们等你！,1.3万 ,32,253,15,13,52,2022-01-05,https://www.bilibili.com/video/BV1dL411V7xK
暗黑破坏神II,指尖上的庇护之地《暗黑破坏神：不朽》,5.0万 ,87,662,45,28,69,2021-12-07,https://www.bilibili.com/video/BV1TU4y1K7zr
暗黑破坏神II,《暗黑破坏神：不朽》制作人来信：“凯恩的邀约”精英试炼测试,3.5万 ,140,683,42,35,134,2021-11-19,https://www.bilibili.com/video/BV1KP4y1L7U6
暗黑破坏神II,《暗黑破坏神：不朽》最新开发视频曝光,15.0万 ,343,1513,126,102,460,2021-05-20,https://www.bilibili.com/video/BV1co4y117Ab
暗黑破坏神II,【还嘴硬】刷了20年，到底讲了个什么阴谋？故事解析《暗黑破坏神》合集纯享版,60.5万 ,7753,2.4万,2.7万,2.4万,2626,2021-09-22,https://www.bilibili.com/video/BV1WU4y1A7t5
暗黑破坏神II,【中国网游史68】《暗黑破坏神》为何如此令人着迷？,107.6万 ,4746,5.3万,2.6万,8995,2107,2020-07-04,https://www.bilibili.com/video/BV1tD4y1Q7XX
暗黑破坏神II,暗黑破坏神3新手向全流程第一集,32.2万 ,651,1026,332,707,272,2018-07-13,https://www.bilibili.com/video/BV1is411H7do
暗黑破坏神II,暗黑破坏神剧情，到底讲解的是一个什么故事，带你走进暗黑宇宙【第一期】,60.9万 ,903,1.3万,9157,6533,886,2019-06-03,https://www.bilibili.com/video/BV1w4411H7Cz
暗黑破坏神II,《暗黑破坏神》CG动画合集（已更新暗黑2重制版5章过场CG动画）,78.2万 ,6810,5672,2872,1.4万,6890,2016-06-09,https://www.bilibili.com/video/BV1Ps411q7sk
暗黑破坏神II,《暗黑破坏神2》七大人物练法-纯招死灵,22.0万 ,958,1719,1020,1628,150,2019-06-12,https://www.bilibili.com/video/BV194411A79n
暗黑破坏神II,暗黑破坏神2【职业强度排名】谁强谁弱你知道吗,38.0万 ,426,3992,475,900,646,2020-12-03,https://www.bilibili.com/video/BV1gZ4y1G7fH
暗黑破坏神II,【托尼】暗黑破坏神2重制版2k60帧死灵法师开荒实况解说,10.0万 ,678,959,463,695,119,2021-09-29,https://www.bilibili.com/video/BV1Af4y1A7WS
暗黑破坏神II,暗黑破坏神3：泰瑞尔的牺牲 8K超清重制,10.8万 ,258,1078,155,1191,403,2019-12-25,https://www.bilibili.com/video/BV18J411W75d
暗黑破坏神II,【童年回忆】暗黑破坏神1代 HD高清重置版 普通难度【法师】实况通关流程 （更新完毕）,13.7万 ,2324,1173,634,1249,137,2018-01-05,https://www.bilibili.com/video/BV1YW411B7qz
暗黑破坏神II,“羡慕啊”已经玩上了！《暗黑破坏神4》现场2小时完整试玩,34.0万 ,1212,1010,61,469,774,2019-11-02,https://www.bilibili.com/video/BV1vE411t7kv
暗黑破坏神II,刷到爽刷到爆！四款媲美《暗黑破坏神3》的刷刷刷精品好游戏,11.7万 ,237,1598,179,496,45,2021-02-28,https://www.bilibili.com/video/BV1Qr4y1A7cy
暗黑破坏神II,【国服试玩】《暗黑破坏神：不朽》国服首测试玩,7.0万 ,396,262,21,30,397,2021-07-15,https://www.bilibili.com/video/BV13B4y1K7nW
暗黑破坏神II,4K【暗黑破坏神4】40级游侠最新试玩演示-多人组队BOSS战-DIABLO 4 Rogue Gameplay Demo,39.3万 ,1891,2267,119,541,2294,2021-07-11,https://www.bilibili.com/video/BV11b4y1r7di
暗黑破坏神II,暗黑破坏神2【最离谱的修改】,6.8万 ,214,956,117,250,27,2021-06-08,https://www.bilibili.com/video/BV1Df4y1b7tS
暗黑破坏神II,陆夫人老游戏第十九期：《暗黑破坏神Ⅱ》这一切都是你的错！光明甲！,70.7万 ,1.8万,1552,2285,4258,287,2015-11-14,https://www.bilibili.com/video/BV1xs411d761
暗黑破坏神II,Netflix公开《Bastard!!-暗黑破坏神》新作动画宣传PV,1.6万 ,40,289,14,169,409,2022-02-11,https://www.bilibili.com/video/BV1Nr4y1a7uT
暗黑破坏神II,一拳开天，史上最强奈非天与原罪之战【暗黑破坏神故事节目04】,12.1万 ,560,9050,4707,1309,57,2021-09-30,https://www.bilibili.com/video/BV1tq4y1P765
暗黑破坏神II,《暗黑破坏神1》的剧情究竟讲了些什么【暗黑破坏神故事节目07】,6.3万 ,130,5032,1889,763,38,2021-11-26,https://www.bilibili.com/video/BV1Z34y197uL
暗黑破坏神II,暗黑破坏神2高清版+大箱子+10倍怪物10倍掉率，需要的自取,16.1万 ,183,2245,1672,3657,317,2020-09-28,https://www.bilibili.com/video/BV1Nk4y117nW
暗黑破坏神II,10款steam上好玩类暗黑破坏神ARPG游戏推荐（附史低价格信息）,4.1万 ,191,725,255,761,53,2022-03-12,https://www.bilibili.com/video/BV1mP4y1M79Z
暗黑破坏神II,这个暗黑破坏神它是一款音游...,39.4万 ,640,2.0万,1.5万,5038,2175,2020-02-12,https://www.bilibili.com/video/BV1S7411G7pt
暗黑破坏神II,《暗黑破坏神3》任天堂Switch实操上手演示,56.9万 ,403,463,45,272,1080,2018-08-22,https://www.bilibili.com/video/BV1ZW411Q7MN
暗黑破坏神II,暗黑破坏神2【主角结局】,11.7万 ,700,2439,344,547,83,2021-05-01,https://www.bilibili.com/video/BV1SU4y1b7Uq
暗黑破坏神II,一款比《暗黑破坏神》更具可玩性的游戏，续作的打击感依旧很糟糕,34.2万 ,325,389,109,736,56,2018-10-17,https://www.bilibili.com/video/BV12t411Z7Qr
暗黑破坏神II,暗黑破坏神不朽…两星期玩腻,13.3万 ,139,313,8,22,149,2021-06-10,https://www.bilibili.com/video/BV1sV41147oV
暗黑破坏神II,暗黑破坏神2 原来这才是正确杀都瑞尔的方式 这新人杀手名不符实啊，方法简单人人都会做到,13.2万 ,162,241,22,70,43,2019-08-10,https://www.bilibili.com/video/BV1m4411X79M
暗黑破坏神II,《暗黑破坏神4》新季度更新场景演示视频公开,2.5万 ,164,795,10,69,150,2022-03-30,https://www.bilibili.com/video/BV19S4y1N7Qc
暗黑破坏神II,手机玩《暗黑破坏神2》超级流畅的！安卓手机运行电脑游戏演示及教程（《英雄无敌3》《红警2》）,16.3万 ,258,1075,452,1784,351,2019-04-26,https://www.bilibili.com/video/BV1M4411h7mh
暗黑破坏神II,《暗黑破坏神2》七大人物练法-双热骑士,8.7万 ,800,865,583,685,36,2019-07-19,https://www.bilibili.com/video/BV1Et411n77V
暗黑破坏神II,不给力OVA补完-《暗黑破坏神》,10.8万 ,762,483,126,4664,65,2015-05-12,https://www.bilibili.com/video/BV1qs411D76P
暗黑破坏神II,暗黑破坏神3 速刷彩虹剑,12.1万 ,100,162,58,400,136,2018-08-04,https://www.bilibili.com/video/BV1Bs411376W
暗黑破坏神II,暗黑破坏神2里的那些BOSS级怪物，哪一个勾起了你曾经的游戏回忆！？,20.1万 ,1194,947,550,831,276,2018-09-17,https://www.bilibili.com/video/BV1zW411k7aP
暗黑破坏神II,【阿斗】人类居然是天使与恶魔结合的产物，一口气看完《暗黑破坏神》系列全剧情,138.5万 ,6158,4.6万,9938,6202,1679,2020-07-10,https://www.bilibili.com/video/BV1yK411H734
暗黑破坏神II,暗黑破坏神2背后无比残酷黑暗的故事【暗黑破坏神故事节目08】,9.5万 ,341,6498,2511,1162,68,2021-12-31,https://www.bilibili.com/video/BV1oL4y1E7pW
暗黑破坏神II,《暗黑破坏神》到底包含了多少宗教史诗？这剧情也太高能了！,55.9万 ,1964,2.4万,2.3万,1.2万,2967,2019-11-04,https://www.bilibili.com/video/BV19E411q7je
暗黑破坏神II,暗黑破坏神2【十大废技】哪个技能坑过你,13.0万 ,253,1774,168,166,36,2020-12-08,https://www.bilibili.com/video/BV1h64y1f7Er
暗黑破坏神II,"【DIABLO 合集】欧皇附体,当天产出极品无形丧钟+极品安脸 雇佣兵无伤SOLO地狱精英怪群~",9.6万 ,75,371,17,102,85,2021-09-28,https://www.bilibili.com/video/BV1dq4y1o7Gf
暗黑破坏神II,暗黑破坏神4最新实机演示+战斗提升+光照+Buff效果等内容（时间轴标注）,11.9万 ,757,837,57,315,1444,2021-12-21,https://www.bilibili.com/video/BV1UY411W7kZ
暗黑破坏神II,32：9 屏幕试玩 暗黑破坏神2 重制版,15.1万 ,229,608,43,176,1726,2021-08-11,https://www.bilibili.com/video/BV1Po4y1D7zX
暗黑破坏神II,4K画质！暗黑破坏神4 预告片 加长版 (2021) (2160p60) 重新渲染+拼接,30.9万 ,757,1852,91,697,1192,2020-12-14,https://www.bilibili.com/video/BV1ut4y1k7YF
暗黑破坏神II,十四年前的我，在玩《暗黑破坏神2》时的影像,8.8万 ,104,1885,124,189,77,2021-06-01,https://www.bilibili.com/video/BV1BK4y1X7FT
暗黑破坏神II,被誉为“历史版暗黑破坏神”，销量却很杯具！《秦殇》的故事,16.9万 ,1105,7427,1550,1090,129,2022-03-22,https://www.bilibili.com/video/BV1GL4y1M7cz
暗黑破坏神II,暗黑破坏神2开荒必做符文之语,12.7万 ,240,2446,1246,3590,523,2021-09-21,https://www.bilibili.com/video/BV1pf4y1n7ZH
暗黑破坏神II,暴雪让你免费玩暗黑破坏神2重制版啦！！！,6.3万 ,13,248,64,286,118,2021-10-08,https://www.bilibili.com/video/BV1y341117tX
暗黑破坏神II,【暗黑破坏神4】季度博文：5大地图，150个副本的美术设计,5.2万 ,141,858,62,69,357,2022-04-01,https://www.bilibili.com/video/BV1pY41177FQ
暗黑破坏神II,屠魔勇士终成恶魔 《暗黑破坏神》主角的暗黑结局,7.4万 ,213,2747,350,493,46,2021-11-29,https://www.bilibili.com/video/BV1wf4y1T7gb
暗黑破坏神II,[兔兔鸡]《暗黑破坏神2》圣骑士开荒全通攻略 我们是正义的圣骑士,20.3万 ,260,2222,1087,2680,533,2021-04-03,https://www.bilibili.com/video/BV1Hi4y1N7Zj
暗黑破坏神II,【暗黑破坏神2重制版】想玩的按照这个视频下载就行了,11.2万 ,29,866,464,1478,965,2021-04-16,https://www.bilibili.com/video/BV1JK4y1K789
暗黑破坏神II,中国两男子自制兰博基尼暗黑破坏神开上路,17.4万 ,389,37,9,271,19,2014-08-25,https://www.bilibili.com/video/BV1Ax411K73c
暗黑破坏神II,暗黑破坏神2【十大神技】你最喜欢的技能是？,9.8万 ,160,1261,86,191,27,2020-12-05,https://www.bilibili.com/video/BV1of4y1v7S1
暗黑破坏神II,【战斗蜗牛】暗黑破坏神2德鲁伊攻略,9.9万 ,946,833,424,476,100,2017-10-02,https://www.bilibili.com/video/BV1cx41137Vm
暗黑破坏神II,暗黑破坏神2【最贵的装备】贵到你买不起,15.7万 ,125,1521,113,156,23,2021-05-08,https://www.bilibili.com/video/BV1a541137Nr
暗黑破坏神II,五大天使性格怪异，变节者盗取世界之石【暗黑破坏神故事节目02】,20.3万 ,1306,1.4万,6368,2503,111,2021-09-12,https://www.bilibili.com/video/BV1J44y1h77F
暗黑破坏神II,【暗黑破坏神2重制版】极端暴力流派 横扫地狱难度8PP,2.9万 ,219,1058,616,233,47,2021-11-24,https://www.bilibili.com/video/BV17Y41147Nm
暗黑破坏神II,暗黑破坏神里面三大魔神背景故事，探寻魔神们内心里的世界,16.6万 ,561,4964,2951,1339,64,2019-09-20,https://www.bilibili.com/video/BV1DJ41137y8
暗黑破坏神II,暗黑破坏神2【20大装备】刷出一件你是老司机,12.4万 ,306,1222,153,410,117,2020-11-19,https://www.bilibili.com/video/BV1S5411V7Ys
暗黑破坏神II,十年之前：暗黑破坏神3第一次发布现场 粉丝咆哮声震天响,24.3万 ,434,639,120,695,522,2018-11-06,https://www.bilibili.com/video/BV1Db411F7Wu
暗黑破坏神II,暗黑破坏神2为何四大神器是这四个,14.6万 ,224,1952,116,325,80,2021-08-08,https://www.bilibili.com/video/BV1PX4y1F7Gu
暗黑破坏神II,【暗黑破坏神2】从零开始玩暗黑－暗黑2这些东西前期必留千万不要卖！你知道嘛？,8.3万 ,32,731,91,364,25,2021-08-26,https://www.bilibili.com/video/BV1544y1C7Us
暗黑破坏神II,【IGN】《暗黑破坏神4》季度近况更新：环境设计,1.1万 ,55,553,20,37,65,2022-03-31,https://www.bilibili.com/video/BV1uS4y1m7Cf
暗黑破坏神II,暗黑破坏神2价值上万元的刚毅杖,3.0万 ,146,355,24,31,24,2022-02-11,https://www.bilibili.com/video/BV1Br4y1h7D2
暗黑破坏神II,暗黑破坏神4：拜命三归 8K超清重制,10.1万 ,376,1119,283,1795,704,2019-12-18,https://www.bilibili.com/video/BV1wJ411t7w1
暗黑破坏神II,一款结合《暗黑破坏神》和《以撒结合》的roguelike游戏！你确定不试试么？,18.5万 ,142,455,137,1438,206,2018-05-06,https://www.bilibili.com/video/BV1Lp411f7J1
暗黑破坏神II,暗黑破坏神2重制版战网-教你如何快速从1级到60级,11.1万 ,299,1143,550,1287,491,2021-10-07,https://www.bilibili.com/video/BV1Lf4y1c7Ld
暗黑破坏神II,【暗黑破坏神】22赛季全职业强度大盘点,12.8万 ,455,5244,5036,1347,408,2020-11-06,https://www.bilibili.com/video/BV1e54y1r7pH
暗黑破坏神II,双足机器人，Diablo-刑天性能大揭秘！,4421 ,1,76,20,47,17,2022-03-28,https://www.bilibili.com/video/BV1Mu411i72F
暗黑破坏神II,【暗黑破坏神2】全职业强度分析及通关攻略,11.7万 ,367,2964,672,549,244,2021-08-19,https://www.bilibili.com/video/BV1gM4y1V7hW
暗黑破坏神II,【Juste Debout2019】Hip Hop决赛+半决赛 Diablo & Stalamuerte vs Waydi & Rochka 快收藏起来啦！,19.1万 ,1256,1630,434,3073,1489,2019-03-19,https://www.bilibili.com/video/BV1bb411E72i
暗黑破坏神II,暗黑破坏神2卡通版笑传（第四章）,7.3万 ,369,1391,148,407,669,2021-09-25,https://www.bilibili.com/video/BV1Hf4y1E7c3
暗黑破坏神II,【亚马逊】射爆一切！上手指南【暗黑破坏神2欲火重生】,12.5万 ,330,1579,615,1425,301,2021-09-20,https://www.bilibili.com/video/BV1Af4y1w7BT
暗黑破坏神II,《暗黑破坏神2》原版 vs 重制版 | 全过场动画并排对比 | GameSpot,10.5万 ,1253,1039,81,683,375,2021-09-23,https://www.bilibili.com/video/BV1iQ4y1k7su
暗黑破坏神II,史诗级真香！Switch版暗黑破坏神3上手体验介绍,49.6万 ,487,3927,1707,996,1876,2018-11-08,https://www.bilibili.com/video/BV1ib411c7Cg
暗黑破坏神II,暗黑破坏神2【枪兵米山装备大全】米山他好你也好,9.2万 ,213,1095,222,1057,88,2021-01-28,https://www.bilibili.com/video/BV1sr4y1K7Je
暗黑破坏神II,如何购买暗黑破坏神2重置版？手把手教你俄服注册，仅需184元,6.5万 ,13,325,147,455,773,2021-09-23,https://www.bilibili.com/video/BV1CQ4y1z7By
暗黑破坏神II,暗黑破坏神2【想要的装备找谁刷】,7.4万 ,222,1380,486,1229,145,2021-08-05,https://www.bilibili.com/video/BV1Y64y1B7Bn
暗黑破坏神II,暗黑破坏神2加抗性装备,2.2万 ,51,417,24,53,6,2022-02-12,https://www.bilibili.com/video/BV1ma411y7qr
暗黑破坏神II,【暗黑破坏神2重置版】一人养全家！初选极力推荐培养职业 MF法师轻松养成攻略,18.3万 ,680,3579,2745,4775,617,2021-09-30,https://www.bilibili.com/video/BV1Pg411F7Xd
暗黑破坏神II,23年来，《暗黑破坏神》讲了个什么故事？,7.6万 ,190,1319,859,691,212,2019-11-08,https://www.bilibili.com/video/BV1dE411e7oe
暗黑破坏神II,《暗黑破坏神：不朽》到底值不值得玩？老玩家揭秘收费模式与核心玩法！【侦探P】,16.2万 ,690,3063,196,193,569,2021-05-23,https://www.bilibili.com/video/BV1ho4y1m7ys
暗黑破坏神II,《暗黑破坏神2 重制版》全新预告，9月23日发售,15.2万 ,325,1400,86,262,4352,2021-06-14,https://www.bilibili.com/video/BV1kg411G7RY
暗黑破坏神II,野蛮人，女巫，德鲁伊登场，《暗黑破坏神4》实机演示，,24.9万 ,480,921,128,513,3797,2019-11-02,https://www.bilibili.com/video/BV1ME411t7ej
暗黑破坏神II,暗黑破坏神2 重置版：第一神器 新人必知,7.8万 ,134,371,45,288,28,2021-09-02,https://www.bilibili.com/video/BV1Lh411s7Uc
暗黑破坏神II,【更新1080P】《暗黑破坏神2》高清重置版实机演示,36.6万 ,2306,2516,291,961,6928,2021-02-20,https://www.bilibili.com/video/BV1L5411N7Pd
暗黑破坏神II,暗黑破坏神2米山玩法,1.8万 ,177,420,35,23,36,2022-01-17,https://www.bilibili.com/video/BV1rq4y1A7cs
暗黑破坏神II,暗黑破坏神2四小神器为何是这四个,5.5万 ,140,927,100,144,14,2021-08-25,https://www.bilibili.com/video/BV1Jv411A7zW
暗黑破坏神II,这就是《暗黑破坏神》！《夫人老游戏三十三期》为您呈现！暗黑破坏神1与速攻破！不是“地狱火”！,38.4万 ,7923,1030,7652,3103,255,2016-11-27,https://www.bilibili.com/video/BV1Zs411W72q
暗黑破坏神II,【避坑指南】暗黑破坏神2重制版表现如何？值得购买吗？3天BETA试玩总结,19.8万 ,885,6590,1402,467,1052,2021-08-18,https://www.bilibili.com/video/BV1fA411w7wH
暗黑破坏神II,《暗黑破坏神4》季度更新 展示游戏多个场景,3.8万 ,317,602,23,116,647,2022-03-30,https://www.bilibili.com/video/BV1MS4y1m7us
暗黑破坏神II,暗黑破坏神1最新速通世界纪录12分55.03秒（非tas）,14.1万 ,583,302,31,290,94,2018-06-29,https://www.bilibili.com/video/BV1Fs41157mJ
暗黑破坏神II,【暗黑破坏神系列】1-3剧情CG合集（英音中字） 体会来自二十年前的恐惧,8.2万 ,1855,1583,1078,2539,281,2019-11-05,https://www.bilibili.com/video/BV13E411B7xd
暗黑破坏神II,《暗黑破坏神Ⅲ》新英雄职业 - 死灵法师,13.8万 ,347,96,390,418,659,2016-11-05,https://www.bilibili.com/video/BV1Vs411x7Ya
暗黑破坏神II,暗黑破坏神2 重置版 新手开荒必做的5件装备,10.8万 ,230,689,260,1393,150,2021-09-06,https://www.bilibili.com/video/BV1jf4y1A75Q
暗黑破坏神II,暗黑破坏神4：莉莉丝从虚空回来后会做的前5件事,11.2万 ,93,302,6,153,8,2020-05-22,https://www.bilibili.com/video/BV1sK4y1t72q
暗黑破坏神II,暗黑破坏神2一万五千元的项链赏析,3.7万 ,51,483,31,61,288,2022-02-14,https://www.bilibili.com/video/BV13a41117QV
暗黑破坏神II,【战斗蜗牛】暗黑破坏神2刺客攻略,8.8万 ,686,653,350,425,111,2017-10-04,https://www.bilibili.com/video/BV1Hx411375u
暗黑破坏神II,《暗黑破坏神4》新实机演示公布,3.2万 ,333,826,14,80,511,2021-12-21,https://www.bilibili.com/video/BV1n3411x71o
暗黑破坏神II,连续更新七年不断 被誉为像素暗黑破坏神 为什么这款氪金网游可以爆火？揭秘-英雄围城,5.9万 ,50,881,154,374,72,2021-08-14,https://www.bilibili.com/video/BV17y4y1V7WA
暗黑破坏神II,【卷纸の十分测评】NS版的暗黑破坏神3到底值不值得入手呢？,15.8万 ,243,847,185,219,309,2019-05-03,https://www.bilibili.com/video/BV1T441147mj
暗黑破坏神II,【战斗蜗牛】暗黑破坏神2电法攻略,8.8万 ,946,612,361,489,117,2017-09-17,https://www.bilibili.com/video/BV1rx411s7vo
暗黑破坏神II,你可了解暗黑破坏神里面，四大魔王的背景故事？,13.8万 ,504,3709,2112,1068,55,2019-09-16,https://www.bilibili.com/video/BV1xJ411c7ya
暗黑破坏神II,【暗黑破坏神2地毯式考古】第二期：详解罗格，从罗格营地说起...【暗黑学大讲坛】,2.1万 ,120,793,709,319,29,2021-12-01,https://www.bilibili.com/video/BV1xg411A745
暗黑破坏神II,【GameSpot】《暗黑破坏神4》最新场景环境实机演示,2.5万 ,157,462,22,89,219,2022-03-30,https://www.bilibili.com/video/BV12a411x7ds
暗黑破坏神II,暗黑破坏神2重制版2.41版本更新内容,1.3万 ,19,467,150,58,17,2022-02-04,https://www.bilibili.com/video/BV1Pi4y1f7gY
暗黑破坏神II,谁敢相信这是十多年前的游戏？暗黑破坏神3在2008年首次亮相暴雪嘉年华，震惊全球~,13.7万 ,260,265,59,192,108,2019-10-30,https://www.bilibili.com/video/BV1TE411a7dm
暗黑破坏神II,暗黑破坏神2如何达到十多万防御,3710 ,22,192,31,17,6,2022-04-07,https://www.bilibili.com/video/BV1AP4y1T7z3
暗黑破坏神II,暗黑破坏神魔电2.0，挑战奖励保姆级攻略,5.0万 ,47,481,474,605,108,2021-09-03,https://www.bilibili.com/video/BV1FL411t7Aw
暗黑破坏神II,【暗黑破坏神2:狱火重生】正式公布+实机演示,12.3万 ,669,435,30,209,1693,2021-02-20,https://www.bilibili.com/video/BV1Bi4y1T7kd
暗黑破坏神II,兔兔鸡《暗黑破坏神2重制版》多少钱？值不值？买不买？淦不淦？,8.3万 ,856,1709,266,123,118,2021-06-20,https://www.bilibili.com/video/BV1fK4y137pG
暗黑破坏神II,暗黑破坏神2强化附魔最多能堆到多少级,3848 ,12,157,16,10,5,2022-04-06,https://www.bilibili.com/video/BV1gP4y1T7ez
暗黑破坏神II,暗黑破坏神2天梯版本时间已定,3230 ,3,163,46,6,19,2022-03-25,https://www.bilibili.com/video/BV1Yu411q7az
暗黑破坏神II,暗黑破坏神2重制版天梯补丁内容预览,1.2万 ,188,337,66,29,101,2022-03-01,https://www.bilibili.com/video/BV17q4y1475a
暗黑破坏神II,【switch】作弊！！用作弊来的装备刷【暗黑破坏神3】最高级别的大秘境是种什么体验？？？,22.7万 ,229,444,156,260,431,2019-02-12,https://www.bilibili.com/video/BV1kb411m7Sa
暗黑破坏神II,暗黑破坏神3 10个最火哥布林刷新地点及概率详解 以后想刷彩虹哥布林和宠物不愁找不到了 | 16赛季 2.6.4,10.1万 ,140,1732,1605,3930,476,2019-03-08,https://www.bilibili.com/video/BV1Jb411v7th
暗黑破坏神II,《暗黑破坏神2：重制版》5分钟 试玩片段,22.9万 ,535,982,41,192,1320,2021-02-20,https://www.bilibili.com/video/BV1WA411M7aW
暗黑破坏神II,类“暗黑破坏神”ARPG游戏《UNDECEMBER》最新预告片公布,7.9万 ,163,1166,80,758,1019,2021-12-13,https://www.bilibili.com/video/BV1ER4y1x7QZ
暗黑破坏神II,【战斗蜗牛】暗黑破坏神2冰法攻略,10.0万 ,552,537,291,480,133,2017-09-17,https://www.bilibili.com/video/BV1rx411s7eG
暗黑破坏神II,暗黑破坏神2五万元的项链有多极品,1.2万 ,35,279,17,21,46,2022-03-19,https://www.bilibili.com/video/BV1mP4y1u7Rh
暗黑破坏神II,暗黑破坏神2战网天价大货,4.5万 ,163,509,31,73,199,2022-01-09,https://www.bilibili.com/video/BV18L4y1b7Yb
暗黑破坏神II,好尸上手【暗黑破坏神2重制版】试玩报告，新增内容、手柄手感、全程联网等所有小白问题全在这里了,7.0万 ,716,2611,348,200,313,2021-08-15,https://www.bilibili.com/video/BV1QP4y1W778
暗黑破坏神II,兔兔鸡《暗黑破坏神2》冰法成长之旅 属性/技能/装备提升思路 法师/女巫成长之旅系列,15.7万 ,248,2449,1441,1978,444,2021-09-11,https://www.bilibili.com/video/BV1mq4y1Z7HQ
暗黑破坏神II,暗黑破坏神4 法师试玩,48.5万 ,4124,1480,136,654,4152,2019-11-02,https://www.bilibili.com/video/BV1gE411t7Tg
暗黑破坏神II,天使与恶魔诞下子嗣，慈悲的三大魔神拯救世人【暗黑破坏神故事节目03】,12.1万 ,646,1.1万,6051,1750,80,2021-09-18,https://www.bilibili.com/video/BV1XM4y1g76y
暗黑破坏神II,暴雪插画、暗黑破坏神等概念设计速涂，太强大了！,1.2万 ,24,601,144,1442,43,2022-02-08,https://www.bilibili.com/video/BV1um4y1d7cE
暗黑破坏神II,30秒刷一场尼拉塞克! 怎么办到的!快速找出沃特之厅｜暗黑破坏神2狱火重生｜,7.4万 ,143,1184,519,2171,1081,2021-10-19,https://www.bilibili.com/video/BV1h44y1v7as
暗黑破坏神II,《暗黑破坏神2：重制版》过场CG动画（更新完整陆配，重制版+经典原版高清）,16.7万 ,1836,2297,910,2790,1221,2021-09-22,https://www.bilibili.com/video/BV1eq4y1o7GP
暗黑破坏神II,暗黑破坏神2重制版战网2022.3.31物价,6457 ,5,137,21,13,27,2022-03-31,https://www.bilibili.com/video/BV1J44y1P78A
暗黑破坏神II,【1080P中文字幕】所有的等待都会开花结果！《暗黑破坏神2》3D高清重制版公布！,20.4万 ,469,1440,183,389,4514,2021-02-20,https://www.bilibili.com/video/BV1Fp4y1H7JV
暗黑破坏神II,暗黑破坏神2玩家年龄,4143 ,96,199,48,12,10,2022-03-16,https://www.bilibili.com/video/BV1QL4y1T74V
暗黑破坏神II,中文字幕《暗黑破坏神2：重制版》深度访谈：70%视效内容保持经典,12.8万 ,90,824,101,383,460,2021-02-20,https://www.bilibili.com/video/BV1AU4y1s7dP
暗黑破坏神II,把“上古”武侠RPG，用暗黑破坏神的方式重制，结果流程。。。,9.2万 ,530,3326,733,385,44,2020-07-13,https://www.bilibili.com/video/BV1zT4y177y6
暗黑破坏神II,暗黑破坏神2重制版【毁天灭地德】,7230 ,30,200,37,15,4,2022-03-15,https://www.bilibili.com/video/BV1XY411g72z
暗黑破坏神II,《暗黑破坏神2：狱火重生》评测6分：华丽外衣下的经典原味,12.2万 ,589,2864,336,291,287,2021-09-28,https://www.bilibili.com/video/BV1GL4y1h7AJ
暗黑破坏神II,[SMTM8] 半决赛八强舞台 EK - Diablo (Feat. JUSTHIS),10.0万 ,279,486,73,743,498,2019-09-21,https://www.bilibili.com/video/BV1aJ411u7JW
暗黑破坏神II,暗黑破坏神不朽后期最强职业2022 后期职业实力排行,1351 ,0,5,投币,3,分享,2022-04-07,https://www.bilibili.com/video/BV1ja411i7jC
暗黑破坏神II,《暗黑破坏神:不朽》发布后老外的反应,26.7万 ,601,746,142,667,1200,2018-11-04,https://www.bilibili.com/video/BV11b411w7dN
暗黑破坏神II,【中国网游史69】《暗黑破坏神3》的争议与变革,78.6万 ,5045,4.4万,2.2万,6301,1079,2020-07-11,https://www.bilibili.com/video/BV1xp4y1S7t3
暗黑破坏神II,暗黑破坏神2MF纯冰玩法,3535 ,32,155,32,26,4,2022-03-29,https://www.bilibili.com/video/BV1RP4y1T764
暗黑破坏神II,国内最知名暗黑破坏神类游戏，续作却因BUG上市5天回炉,15.4万 ,907,6201,1369,650,75,2021-02-13,https://www.bilibili.com/video/BV1hU4y1W7ob
暗黑破坏神II,【战斗蜗牛】暗黑破坏神2重置版原版新人必看攻略-开荒基本要点,13.4万 ,477,2842,2211,3121,505,2021-09-17,https://www.bilibili.com/video/BV15q4y1K7WJ
暗黑破坏神II,【黑暗扎基】谜一样的最强暗黑破坏神【MAD】,29.9万 ,425,3093,437,2854,309,2018-01-13,https://www.bilibili.com/video/BV1nW411q7ye
暗黑破坏神II,《暗黑破坏神4》12分钟游玩,46.1万 ,1025,1409,64,375,1959,2020-05-26,https://www.bilibili.com/video/BV1Vf4y127d4
暗黑破坏神II,【神作】史上第一款街机RPG！《暗黑破坏神》的鼻祖！,8.6万 ,707,841,450,688,72,2018-10-19,https://www.bilibili.com/video/BV19t411d7Tm
暗黑破坏神II,【杀破狼】:暗黑破坏神2重制版-暗黑2开荒初期必做的符文之语装备-5期,1.2万 ,3,140,77,239,17,2022-03-01,https://www.bilibili.com/video/BV1zm4y1R7G8
暗黑破坏神II,万字解析！《暗黑破坏神》第一期，玩了这么多年《暗黑2》我们究竟经历了什么？,16.7万 ,1150,5931,2831,2692,674,2021-07-29,https://www.bilibili.com/video/BV1jU4y1H7xn
暗黑破坏神II,暗黑破坏神2重制版2.4版本刚毅史诗级增强,1.8万 ,111,443,37,28,20,2022-02-11,https://www.bilibili.com/video/BV1pS4y1G7eH
暗黑破坏神II,乌德琴 阿拉伯乐器 （从来不听中东音乐，听了这段，没把持住，实在是好听！！！比暗黑破坏神2那个正宗。）,8.2万 ,111,1229,237,2042,226,2019-02-14,https://www.bilibili.com/video/BV1pb411U721
暗黑破坏神II,【1080p-合集】DiabLoL 2 ―CarbotAnimations（暗黑破坏神2系列趣味动画）,2.6万 ,386,610,204,852,268,2021-12-05,https://www.bilibili.com/video/BV1eR4y1s74q
暗黑破坏神II,兔兔鸡《暗黑破坏神2》［底材］有啥用？好吃吗？值钱吗？,4.2万 ,180,1216,508,578,92,2021-08-06,https://www.bilibili.com/video/BV1uh411B7eh
暗黑破坏神II,《暗黑破坏神2》［“科学合理”刷装备］ 85场景， “bug超市”流程,9.2万 ,381,1704,745,1128,362,2021-06-29,https://www.bilibili.com/video/BV1VM4y1M7ni
暗黑破坏神II,［兔兔鸡］《暗黑破坏神2》野蛮人开荒全通攻略 不朽的战神 快猛大,9.3万 ,217,1404,661,962,239,2021-05-02,https://www.bilibili.com/video/BV1Gf4y1W7LY
暗黑破坏神II,一个IST卖80你敢信？【暗黑破坏神2重制版】市场行情，现金交易，混乱不堪，价格虚高，交易需谨慎！,3.5万 ,197,1527,198,90,146,2021-10-02,https://www.bilibili.com/video/BV1oP4y1b7im
暗黑破坏神II,[兔兔鸡]《暗黑破坏神2》亚马逊开荒全通攻略 魅力电眼 最强女战士 霹雳带闪电,14.5万 ,199,1766,754,1516,316,2021-04-13,https://www.bilibili.com/video/BV1DZ4y1c7tf
暗黑破坏神II,【游戏反坑局】像素版暗黑破坏神，质量居然如此之高，太好玩了！,6.9万 ,148,2429,588,831,219,2020-08-28,https://www.bilibili.com/video/BV11p4y1Y7U7
暗黑破坏神II,16年前 中国也有一款“暗黑破坏神”,39.9万 ,1842,1.6万,2.1万,7603,307,2018-12-07,https://www.bilibili.com/video/BV1bt411S73S
暗黑破坏神II,暗黑破坏神2【常用暗金找谁刷】更有目的地刷,16.0万 ,226,2599,1304,3460,480,2021-03-11,https://www.bilibili.com/video/BV19y4y1a7dh
暗黑破坏神II,《暗黑破坏神4》最新实机演示【游民星空】,2.0万 ,115,596,10,69,202,2022-03-30,https://www.bilibili.com/video/BV1CY4y1q766
暗黑破坏神II,《暗黑破坏神4》全新官方10分钟演示映像（全7段合集）,2.0万 ,137,355,10,66,169,2022-03-30,https://www.bilibili.com/video/BV12Z4y1B7J4
暗黑破坏神II,暗黑破坏神2重制版天梯【无限电矛亚马逊】,8443 ,43,241,31,31,57,2022-03-03,https://www.bilibili.com/video/BV1634y1k7Nt
暗黑破坏神II,【暗黑破坏神2重制版】秒天秒地 伤害爆炸！锤丁圣骑士入坑指南,11.7万 ,385,1455,458,1116,248,2021-10-09,https://www.bilibili.com/video/BV1nu411Z7Ak
暗黑破坏神II,暗黑破坏神2的主角们究竟创造了怎样的奇迹？【暗黑破坏神故事节目09】,6.5万 ,435,5907,2239,818,55,2022-01-12,https://www.bilibili.com/video/BV1GL411c7Zm
暗黑破坏神II,《暗黑破坏神III》全剧情+全对话+全传记 深度了解暗黑3的世界观,11.1万 ,495,643,396,1510,89,2015-04-30,https://www.bilibili.com/video/BV1es411D75u
暗黑破坏神II,【值不值得买】Diablo2重置版！追尾魔兽3？还是再续辉煌？,2.3万 ,367,1278,458,125,34,2021-11-18,https://www.bilibili.com/video/BV1hh41147th
暗黑破坏神II,【战斗蜗牛】暗黑破坏神2重置版-目前影响很大的三大改变,8.2万 ,479,1596,442,244,201,2021-09-25,https://www.bilibili.com/video/BV1UQ4y1k7Rf
暗黑破坏神II,陆夫人老游戏特别篇：最后的DIABLO,16.1万 ,3161,79,511,565,49,2015-12-27,https://www.bilibili.com/video/BV1Ss41197pR
暗黑破坏神II,【萌新必看】本站最全switch版【暗黑破坏神3】萌新教学视频~【完结收藏】UP辛苦整理，你值得拥有~,11.2万 ,302,3796,4192,4296,418,2019-03-05,https://www.bilibili.com/video/BV1Ab411q7ec
暗黑破坏神II,暗黑破坏神2神圣冰冻骑士玩法,7512 ,13,194,23,28,5,2022-03-30,https://www.bilibili.com/video/BV1ZL4y1777H
暗黑破坏神II,暗黑破坏神3 | 2019 牧牛杖(欢乐谷)材料获取详细解说 | Diablo 3 Patch 2.6.4 Staff of Herding,6.8万 ,214,1063,897,1458,356,2019-02-25,https://www.bilibili.com/video/BV1nb41187Ym
暗黑破坏神II,【游戏反坑局】暗黑破坏神：不朽手游到底是一款怎样的游戏,4.8万 ,544,2683,510,188,296,2021-12-01,https://www.bilibili.com/video/BV1cf4y1T7Dm
暗黑破坏神II,【暗黑破坏神2】重置版 纯新人向攻略,3.6万 ,251,2090,680,326,30,2021-08-26,https://www.bilibili.com/video/BV1uL4y1Y79G
暗黑破坏神II,【2楠讲解】暗黑破坏神2地图攻略第一章！战重置版必备！,3.6万 ,165,1017,892,514,116,2021-08-26,https://www.bilibili.com/video/BV1ZM4y1V7DV
暗黑破坏神II,【XGP每日游讯】《守望先锋2》拥有通行证系统;《暗黑破坏神4》或将于今年开启预售;Xbox春季促销将于近期到来,2.7万 ,7,184,17,24,135,2022-04-05,https://www.bilibili.com/video/BV16F41137ET
暗黑破坏神II,[暗黑破坏神2]拓荒必看！超完整法师拓荒讲解 | 普通(上),3.9万 ,36,612,461,819,73,2021-09-12,https://www.bilibili.com/video/BV1XM4y1G79x
暗黑破坏神II,暗黑破坏神3最爽快的BD之一,19.9万 ,321,115,41,150,249,2018-04-01,https://www.bilibili.com/video/BV1LW411T7Sn
暗黑破坏神II,终于玩上了！暴雪新手游《暗黑破坏神:不朽》澳服,41.8万 ,1196,1715,184,590,4414,2021-04-22,https://www.bilibili.com/video/BV1RK4y1o7mv
暗黑破坏神II,【合金萝卜】重制版2.4更新了什么装备？【暗黑破坏神2重制版】,1.8万 ,463,423,88,74,20,2022-02-01,https://www.bilibili.com/video/BV1Xb4y1E7Ta
暗黑破坏神II,【暗黑破坏神2重制版】如何正确割草地狱？亚马逊单人无协助从零到地狱（上）,3.3万 ,178,871,511,430,50,2021-11-10,https://www.bilibili.com/video/BV1Yq4y137LZ
暗黑破坏神II,【中文字幕】《暗黑破坏神4》中配宣传片：拜命三归，莉莉丝登场,65.9万 ,3393,5063,1316,5185,1.4万,2019-11-02,https://www.bilibili.com/video/BV1ME411t7NY
暗黑破坏神II,【游戏反坑局】steam上卖87块的国产“暗黑破坏神”你敢买吗？,8.1万 ,166,1720,411,194,32,2019-11-04,https://www.bilibili.com/video/BV1qE411q7hC
暗黑破坏神II,【TA速通】暗黑破坏神2全难度全任务2小时50分钟通关,15.4万 ,3841,641,252,1038,313,2017-07-14,https://www.bilibili.com/video/BV1Px411B7jZ
暗黑破坏神II,《暗黑破坏神 II：狱火重生》 想要高符吗 100场地狱母牛实测 这次真的发财了 !!,5.2万 ,133,224,16,44,191,2021-10-18,https://www.bilibili.com/video/BV14q4y1G7v7
暗黑破坏神II,《暗黑破坏神2》最强MOD M edian XL 正式发布！,18.8万 ,152,816,471,1712,333,2019-04-01,https://www.bilibili.com/video/BV17b411p7Lj
暗黑破坏神II,【梗百科】Diablo 4090ti是啥梗？暴雪出的首款能够连手机的外接显卡？,10.6万 ,33,7205,114,533,155,2022-04-04,https://www.bilibili.com/video/BV18q4y1e76s
暗黑破坏神II,国外MOD大神花费8年时间用SC2引擎重制暗黑破坏神2,9.4万 ,233,351,63,398,220,2018-01-22,https://www.bilibili.com/video/BV1LW411i7an
暗黑破坏神II,[回顾]暗黑破坏神2全部过场CG中文字幕,19.2万 ,2641,441,212,1917,274,2011-11-17,https://www.bilibili.com/video/BV1Ex411w7eo
暗黑破坏神II,暗黑破坏神4全职业全技能展示及完整试玩 Diablo 4 Blizzcon 2019Gameplay,9.4万 ,617,395,34,224,571,2019-11-02,https://www.bilibili.com/video/BV1tE411t7Xc
暗黑破坏神II,暗黑破坏神2重制版天梯【动物园德鲁伊】玩法,8401 ,17,264,25,16,26,2022-03-03,https://www.bilibili.com/video/BV1dU4y1Z7JY
暗黑破坏神II,万字解析！《暗黑破坏神》第五期，现在新人入坑《暗黑2重制版》还来得及吗？,8.6万 ,777,3239,1786,670,69,2021-08-20,https://www.bilibili.com/video/BV13f4y1G7KY
暗黑破坏神II,【萌新必看】新入手【Diablo3】必看！！！中文版【SWITCH】更新后零基础【暗黑破坏神3】萌新教学~,66.8万 ,718,2725,1332,3270,814,2019-01-18,https://www.bilibili.com/video/BV1Dt411h72H
暗黑破坏神II,【战斗蜗牛】暗黑破坏神2标枪长矛亚马逊攻略,8.4万 ,623,624,358,459,76,2017-09-18,https://www.bilibili.com/video/BV1Fx411x7EW
暗黑破坏神II,【老金】【CG】《暗黑破坏神3》全中文CG+过场动画合集【1080P/60FPS/6000Kbps】,17.3万 ,1378,1476,655,2434,1115,2018-07-14,https://www.bilibili.com/video/BV1qs411J7Qn
暗黑破坏神II,暗黑破坏神3中文CG动画,8.7万 ,640,228,61,731,249,2014-05-02,https://www.bilibili.com/video/BV19x411K7TT
暗黑破坏神II,暗黑破坏神2重制版2.4版本弓符文之语【眼光弓】,4699 ,13,166,22,12,5,2022-04-02,https://www.bilibili.com/video/BV1wL4y1j7HL
暗黑破坏神II,暗黑破坏神I - 原版对比重制版,12.6万 ,91,88,4,105,32,2016-11-11,https://www.bilibili.com/video/BV16s411x7B9
暗黑破坏神II,《暗黑破坏神4》世界BOSS战斗演示,25.7万 ,494,4266,157,385,2705,2019-11-14,https://www.bilibili.com/video/BV1dJ411S7Ab
暗黑破坏神II,暗黑破坏神2两万七千元的项链有多极品,3.6万 ,54,514,35,47,189,2022-02-18,https://www.bilibili.com/video/BV12T4y1D74i
暗黑破坏神II,暗黑破坏神2值得升级的暗金装备,4.2万 ,148,847,199,570,84,2021-10-26,https://www.bilibili.com/video/BV1EQ4y1q7ku
暗黑破坏神II,一个视频看懂【符文之语】【暗黑破坏神2浴火重生】,7.3万 ,230,2283,1776,2698,272,2021-10-07,https://www.bilibili.com/video/BV1234y1U72S
暗黑破坏神II,【战斗蜗牛】暗黑破坏神2死灵法师攻略,23.6万 ,1215,1538,831,1233,317,2017-09-17,https://www.bilibili.com/video/BV1rx411s71E
暗黑破坏神II,它堪称国产暗黑破坏神，20年前火遍大江南北,32.5万 ,1570,1.1万,2808,1482,332,2021-01-25,https://www.bilibili.com/video/BV1qz4y1S7Fo
暗黑破坏神II,【战斗蜗牛】暗黑破坏神2重置版-天花板双热圣骑min丁,5.5万 ,195,1127,452,450,334,2021-09-04,https://www.bilibili.com/video/BV16P4y1a7t8
暗黑破坏神II,《暗黑破坏神Ⅲ》国服CG动画,38.2万 ,4380,336,248,2627,696,2012-05-30,https://www.bilibili.com/video/BV1ux411F7x3
暗黑破坏神II,暴雪匿名员工：暗黑破坏神4会制作的更加黑暗 恐怖 毛骨悚然,10.5万 ,151,200,9,74,73,2018-11-27,https://www.bilibili.com/video/BV1yt41197q7
暗黑破坏神II,4K画质！暗黑破坏神2 狱火重生试玩 超清视频 60帧,11.1万 ,225,400,27,138,440,2021-02-28,https://www.bilibili.com/video/BV11N41197HK
暗黑破坏神II,【暗黑破坏神2重制版】亲儿子圣骑士的主流玩法之一，祝福之锤骑士指南,4.3万 ,31,314,137,496,71,2021-10-10,https://www.bilibili.com/video/BV1oq4y1V7Af
暗黑破坏神II,NS暗黑破坏神3试玩 体验到底如何？,8.8万 ,295,514,274,95,214,2018-11-03,https://www.bilibili.com/video/BV1bb411w7hc
暗黑破坏神II,随时随地想刷就刷！五款燃爆的精品《暗黑破坏神》类良心刷子手游,8.9万 ,100,968,124,409,21,2021-03-30,https://www.bilibili.com/video/BV1N64y1Q748
暗黑破坏神II,【暗黑破坏神2重制版】一小时入账2000W+无数装备！打钱野蛮人配装分享,9.2万 ,323,1782,876,1475,937,2021-10-27,https://www.bilibili.com/video/BV1t34y1o7Kn
暗黑破坏神II,《暗黑破坏神4》野蛮人12分钟试玩集锦,2.4万 ,144,270,4,21,102,2022-01-23,https://www.bilibili.com/video/BV1WS4y1L7DY
暗黑破坏神II,【暗黑破坏神2】开服不到一周立马变得恶臭的交易系统，从老版本的以物易物到直接氪金战士，符文之语，符咒，等级，就没有不能卖的东西，恶臭至极，观望后续改变。,18.1万 ,618,1288,196,137,1335,2021-09-29,https://www.bilibili.com/video/BV1C3411y76w
暗黑破坏神II,《暗黑破坏神4》12分钟演示,9.3万 ,326,548,14,153,359,2021-02-01,https://www.bilibili.com/video/BV1Ly4y1n7eY
暗黑破坏神II,【任天堂】Switch OLED体验《暗黑破坏神3》,4.7万 ,19,119,3,41,37,2021-11-01,https://www.bilibili.com/video/BV12P4y1L7Wr
暗黑破坏神II,兔兔鸡《暗黑破坏神2》［“科学合理”刷装备］BOSS 小boss 固定暗金怪物,7.5万 ,193,1465,476,788,181,2021-06-25,https://www.bilibili.com/video/BV1nK4y1g7Do
暗黑破坏神II,暗黑破坏神4 德鲁伊试玩：化身为狼，与队友共战庇护之地,17.9万 ,885,717,76,189,1205,2019-11-02,https://www.bilibili.com/video/BV1pE411t734
暗黑破坏神II,[兔兔鸡]《暗黑破坏神2》死灵法师开荒全通攻略 地表最强男人 炭烧排骨放辣椒不？,19.9万 ,342,2979,1595,3201,576,2021-04-04,https://www.bilibili.com/video/BV1zA41157nc
暗黑破坏神II,【字幕/熟肉】中二病比拼 暗黑破坏神在身边event游戏环节,9248 ,109,469,118,893,36,2022-02-01,https://www.bilibili.com/video/BV1fZ4y1d7Bp
暗黑破坏神II,真实机游玩！火墙回归！《暗黑破坏神4》女巫，野蛮人，德鲁伊现场实机游玩,18.9万 ,1296,686,66,378,1385,2019-11-02,https://www.bilibili.com/video/BV17E411t7eZ
暗黑破坏神II,【暗黑破坏神】 爱菠萝,5.3万 ,251,3323,966,476,123,2018-11-11,https://www.bilibili.com/video/BV1ft411m719
暗黑破坏神II,暗黑破坏神2【人箭合一万箭归宗】玩法,3.3万 ,103,639,99,86,193,2022-01-07,https://www.bilibili.com/video/BV1RY41187Lv
暗黑破坏神II,龙芯3A5000 暗黑破坏神2,2.0万 ,67,732,115,53,36,2022-01-21,https://www.bilibili.com/video/BV1qY411b7dy
暗黑破坏神II,GBA游戏神作――GBA上的一款难得可贵的暗黑风ARPG动作游戏――指环王双塔――风格很像暗黑破坏神,3.1万 ,0,308,16,174,7,2021-12-07,https://www.bilibili.com/video/BV18U4y1N7ax
暗黑破坏神II,【暗黑破坏神2重制版】轻松割草8PP地狱 弓系亚马逊从零到地狱（下）,3.4万 ,193,704,294,294,53,2021-11-18,https://www.bilibili.com/video/BV1gF411a7n7
暗黑破坏神II,暗黑破坏神3同屏多人游戏,1.9万 ,8,144,投币,29,15,2022-02-03,https://www.bilibili.com/video/BV1fS4y1V7qK
暗黑破坏神II,暗黑破坏神2值得留的亚马逊专属暗金装备,5554 ,17,148,34,22,4,2022-03-24,https://www.bilibili.com/video/BV1gu411q7Z3
暗黑破坏神II,[兔兔鸡]《暗黑破坏神2》女巫/法师开荒全通攻略 摩擦起电 电流屁 噼里啪啦 暴风雪,11.2万 ,163,1472,693,1473,278,2021-04-19,https://www.bilibili.com/video/BV1QU4y1h7kN
暗黑破坏神II,暗黑破坏神2卡通版笑传（第一章）,24.9万 ,2046,5911,1689,3886,4390,2020-11-17,https://www.bilibili.com/video/BV1C54y1z7Nh
暗黑破坏神II,【任天堂】Switch OLED 体验《暗黑破坏神3 永恒版》,2.7万 ,0,113,1,15,5,2021-12-25,https://www.bilibili.com/video/BV1Q3411x7E6
暗黑破坏神II,【暗黑破坏神2重制版】快速致富指南（下集）全是干货！高爆率场景推荐和BUGchaos刷法,4.7万 ,160,722,281,606,84,2021-10-11,https://www.bilibili.com/video/BV1pr4y127VQ
暗黑破坏神II,【Diablo2重制版/暗黑破坏神2重制版】开荒期强烈推荐的10件符文之语装备,12.3万 ,200,1845,897,2963,363,2021-09-01,https://www.bilibili.com/video/BV1Tq4y1U78E
暗黑破坏神II,【全员恶人】之【暗黑破坏神】,12.6万 ,743,9696,6430,2913,641,2019-03-16,https://www.bilibili.com/video/BV1ab411J7xH
暗黑破坏神II,【游戏推荐】游戏教育焦锅-值得期待的新游戏，暗黑破坏神手游,881 ,4,86,2,5,分享,2022-04-09,https://www.bilibili.com/video/BV1QY411L7ZG
暗黑破坏神II,【暗黑破坏神2地毯式考古】二十年前的CG有多用心? 第一期：恐惧的魅力 /过场动画解析,2.1万 ,20,1194,1313,666,74,2021-10-22,https://www.bilibili.com/video/BV1PP4y1b7H5
暗黑破坏神II,《暗黑破坏神2》佣兵系统 最强佣兵 米山大爷 属性分析&装备搭配 01 第二章枪兵佣兵,11.4万 ,139,1139,209,579,81,2021-03-06,https://www.bilibili.com/video/BV1Rb4y1X74S
暗黑破坏神II,暗黑破坏神4要出了？那暗黑2重置版呢,8.2万 ,329,4018,3260,1005,166,2019-11-08,https://www.bilibili.com/video/BV1PE411q7tM
暗黑破坏神II,身具轻功、无所不往！将武侠融合进暗黑破坏神的化学反应,11.3万 ,764,5655,1484,606,92,2021-03-15,https://www.bilibili.com/video/BV1ep4y1h7x8
暗黑破坏神II,万字解析！《暗黑破坏神》第六期，99%的人不知道的暗黑2的小秘密：）,7.8万 ,729,2902,1683,669,57,2021-08-27,https://www.bilibili.com/video/BV19f4y1P7Bn
暗黑破坏神II,【老外看'这街'-3v3Battle篇】强到变态？！抄袭Diablo？,42.6万 ,289,2867,726,467,53,2019-10-20,https://www.bilibili.com/video/BV1jE411671J
暗黑破坏神II,暗黑破坏神3超长CG剧情，历代最强大菠萝，吸收七大地狱魔王,10.3万 ,706,590,112,1283,147,2018-10-14,https://www.bilibili.com/video/BV1Zt411o7y2
暗黑破坏神II,暗黑破坏神2重制版 最便宜的购买方式（不看血亏）,6.7万 ,17,237,37,117,175,2021-08-14,https://www.bilibili.com/video/BV1y3411z7Nm
暗黑破坏神II,暗黑破坏神2，大菠萝：这场面我真没见过,3.4万 ,213,1102,139,50,6,2021-11-02,https://www.bilibili.com/video/BV13g411K7qR
暗黑破坏神II,【暗黑破坏神3】重铸五次就出太古具体做法分享,9.4万 ,48,152,24,128,59,2020-07-23,https://www.bilibili.com/video/BV18t4y1X77u
暗黑破坏神II,【爆笑暗黑破破坏神】ep30Shanking Shenk 同人Q版动画Diablo2大菠萝,6.4万 ,62,927,19,94,138,2021-10-03,https://www.bilibili.com/video/BV1vU4y1c7jC
暗黑破坏神II,【屎O说】从1996到2019，《暗黑破坏神》的故事远没有结束！,46.5万 ,3113,1.4万,8902,3391,688,2019-11-04,https://www.bilibili.com/video/BV1RE411q7bD
暗黑破坏神II,暗黑破坏神：新赛季唯一流派改动最大的职业-野蛮人,3315 ,0,18,1,1,1,2022-04-06,https://www.bilibili.com/video/BV1BF41137av
暗黑破坏神II,[暗黑破坏神2狱火重生 | D2R]超级宝箱在哪里？,4.0万 ,51,529,168,475,216,2021-10-02,https://www.bilibili.com/video/BV1iU4y1c7K4
暗黑破坏神II,暗黑破坏神2重制版--寻宝法师开荒流程--10月2日已更新到第七集 A5完结--一周目剧情完结（加点配装思路在视频下方留言）,3.6万 ,152,581,475,570,41,2021-09-25,https://www.bilibili.com/video/BV13q4y1P7yL
暗黑破坏神II,罗技G102二代鼠标开箱及鼠标宏设置教学 【暗黑破坏神3】猎魔人恐惧套装鼠标宏上手演示,7.9万 ,42,683,292,760,167,2020-07-05,https://www.bilibili.com/video/BV1qC4y1873c
暗黑破坏神II,《暗黑破坏神4》部分场景演示,500 ,0,58,1,5,3,2022-04-07,https://www.bilibili.com/video/BV1WY4y1W76m
暗黑破坏神II,2018 BLIZZCON 暗黑破坏神：不朽 现场观众反应,17.1万 ,325,397,68,338,989,2018-11-03,https://www.bilibili.com/video/BV1Vb411w73a
暗黑破坏神II,《暗黑破坏神2》电视广告片，大菠萝广告宣传片,7.9万 ,26,713,11,136,173,2021-08-02,https://www.bilibili.com/video/BV1sU4y1J7nm
暗黑破坏神II,兔兔鸡《暗黑破坏神2》［暗金护身符］地狱火炬 毁灭 去哪打？有啥用？值钱吗？,6.9万 ,304,2420,1073,888,290,2021-08-09,https://www.bilibili.com/video/BV1rU4y1J7kK
暗黑破坏神II,暗黑破坏神3 第五章 马瑟尔 结局,9.8万 ,325,155,56,208,39,2015-03-21,https://www.bilibili.com/video/BV1Ds411S77u
暗黑破坏神II,曾经《暗黑破坏神》最强的对手！《NOX》鉴赏【就知道玩游戏69】,19.9万 ,4344,6176,4929,2070,439,2019-08-19,https://www.bilibili.com/video/BV194411o7H8
暗黑破坏神II,Let Me Love You (Don Diablo Remix) Shuffle,13.0万 ,134,233,74,2231,171,2018-01-29,https://www.bilibili.com/video/BV1iW411n7Zy
暗黑破坏神II,更黑暗？更恐怖？《暗黑破坏神 4》角色的季度更新,6.9万 ,186,340,12,103,69,2021-07-02,https://www.bilibili.com/video/BV1o54y1J7yh
暗黑破坏神II,【合金萝卜】如何体面地为符文之语挑选底材？【暗黑破坏神2】,4.2万 ,1462,1783,908,1182,193,2021-11-12,https://www.bilibili.com/video/BV1p44y1v7xR
暗黑破坏神II,[暗黑破坏神2狱火重生] 新手 赌博竟然赌到一颗独特戒指,4.8万 ,104,271,9,12,11,2021-09-29,https://www.bilibili.com/video/BV1i34y1D7ZD
暗黑破坏神II,游戏试毒！《暗黑破坏神》经典IP改编手游 年轻玩家能接受吗？,7.6万 ,130,6100,393,311,33,2021-12-17,https://www.bilibili.com/video/BV1mg411w7dJ
暗黑破坏神II,【枪兵半无敌卡法】米山爸爸带我飞【暗黑破坏神2浴火重生】,6.0万 ,86,774,241,689,544,2021-09-29,https://www.bilibili.com/video/BV1GQ4y1675D
暗黑破坏神II,经典再临，但体验两说 - Switch暗黑破坏神2测评介绍,17.3万 ,300,4208,787,427,380,2021-10-02,https://www.bilibili.com/video/BV1Xh411n7GH
暗黑破坏神II,【死灵法师】哪家强？全面上手指南【暗黑破坏神2重制版】,20.7万 ,467,2417,1113,2575,525,2021-09-09,https://www.bilibili.com/video/BV1wq4y1f7bP
game_name,title,view,dm,like,coin,collect,share,upload_date,url
暗黑破坏神II,【萌新必看】收藏！！！Switch暗黑破坏神3中文版（手工）萌新简介~新手再也不用担心明年二月NS版的Diablo3份不出中文~,15.6万 ,73,542,428,913,167,2018-12-28,https://www.bilibili.com/video/BV1xt411r7tT
暗黑破坏神II,【中字】《暗黑破坏神4》音效制作花絮,7968 ,22,421,11,60,87,2022-03-31,https://www.bilibili.com/video/BV1gP4y1M7EX
暗黑破坏神II,暗黑破坏神2卡通版笑传（第三章 ）,8.4万 ,492,1961,346,678,363,2021-05-30,https://www.bilibili.com/video/BV1Lb4y1Z7gF
暗黑破坏神II,人多才好玩！选了野蛮人，却被同伴用法师完爆！《暗黑破坏神2重制版》初体验见闻,9.3万 ,627,4864,774,373,99,2021-10-17,https://www.bilibili.com/video/BV17b4y1h7nY
暗黑破坏神II,《暗黑破坏神不朽》到底好不好玩？【友坑品游】,4.3万 ,141,796,119,46,4,2021-12-10,https://www.bilibili.com/video/BV1G44y1a7cC
暗黑破坏神II,【4K】《暗黑破坏神4》首曝震撼CG~莉莉丝浴血驾到,47.7万 ,2166,4060,958,3897,8057,2019-11-02,https://www.bilibili.com/video/BV1uE411t7rb
暗黑破坏神II,暗黑破坏神2重制版战网物品11月价格,3.6万 ,66,479,77,184,443,2021-10-27,https://www.bilibili.com/video/BV1Xu411d7Ft
暗黑破坏神II,暗黑破坏神2角色专有属性,6840 ,11,177,24,21,5,2022-03-11,https://www.bilibili.com/video/BV1Ya411h7gZ
暗黑破坏神II,纯冰法最终型态！这样点就对了 再也不怕冰免怪！伤害绝对足够！｜暗黑破坏神2狱火重生｜,5.4万 ,126,279,55,251,69,2021-10-18,https://www.bilibili.com/video/BV1Ju411f7wC
暗黑破坏神II,暗黑破坏神4-2022一季度更新：奥北修道院,1.9万 ,24,154,8,18,26,2022-03-30,https://www.bilibili.com/video/BV1wS4y1m7um
暗黑破坏神II,暗黑破坏神2重制版战网宝贝拍卖实录,4579 ,9,181,49,36,16,2022-04-08,https://www.bilibili.com/video/BV1FY4y1H7Av
暗黑破坏神II,《暗黑破坏神4》季度更新演示：索格伦海岸,4044 ,5,172,2,9,13,2022-03-30,https://www.bilibili.com/video/BV1Fu411i74k
暗黑破坏神II,《暗黑破坏神：不朽》国服官网中文新预告,9.8万 ,286,607,25,95,1260,2020-07-31,https://www.bilibili.com/video/BV1vk4y1m7Gd
暗黑破坏神II,《暗黑破坏神：不朽》手游国服将近？版本热点全解析,10.6万 ,171,2881,394,1493,924,2021-05-23,https://www.bilibili.com/video/BV1iV411j7tE
暗黑破坏神II,暗黑破坏神2设计师都觉得强的戒指,2.7万 ,158,411,24,25,10,2022-02-13,https://www.bilibili.com/video/BV1AS4y1V7Y6
暗黑破坏神II,兔兔鸡《暗黑破坏神2重制版》价格对比 俄区怎么预购 PC配置要求 给主机玩家的建议,6.9万 ,311,1112,387,479,561,2021-06-22,https://www.bilibili.com/video/BV1jK4y1g7Wz
暗黑破坏神II,【爆笑暗黑破破坏神】雇佣兵的生活2Mercenary Life _ DiabLoL 2 Ep39同人Q版动画Diablo2大菠萝,4.6万 ,48,675,21,63,169,2021-12-04,https://www.bilibili.com/video/BV1zb4y1B75c
暗黑破坏神II,【爆笑暗黑破破坏神】ep32Meanwhile in open同人Q版动画Diablo2大菠萝,5.6万 ,57,763,19,67,128,2021-10-16,https://www.bilibili.com/video/BV1jP4y1b7KK
暗黑破坏神II,"法师战争,人类总是重复着同样的错误【暗黑破坏神故事节目05】",5.5万 ,418,5668,2878,806,22,2021-10-15,https://www.bilibili.com/video/BV1nv41137ke
暗黑破坏神II,《暗黑破坏神4》女巫12分钟游玩,9.3万 ,409,366,7,94,316,2020-06-06,https://www.bilibili.com/video/BV1Ap4y1D7c1
暗黑破坏神II,这街第四季盘点6位最期待却鸽了的选手，他是你的菜么？ 舞者：赞多 Trix臂哥 金小根 绿坦 Diablo 黄景行,4.8万 ,2087,1203,352,228,32,2021-10-15,https://www.bilibili.com/video/BV12h411J7hu
暗黑破坏神II,《暗黑破坏神4》发售前的最佳开胃菜：破坏领主,9.0万 ,150,340,73,289,220,2020-02-13,https://www.bilibili.com/video/BV1y741137R1
暗黑破坏神II,暗黑破坏神2【战网升99级要多久】,1.0万 ,28,219,37,18,18,2022-03-13,https://www.bilibili.com/video/BV1JY411375d
暗黑破坏神II,暗黑破坏神不朽：不充648就连打大秘境资格都没有，凡人不允许拥有传奇宝石【三百】,5.2万 ,102,800,110,243,667,2021-12-01,https://www.bilibili.com/video/BV1QL411M7zq
暗黑破坏神II,你和喜爱的游戏有哪些故事？我和暗黑破坏神的故事。,4565 ,72,401,205,38,7,2022-03-23,https://www.bilibili.com/video/BV1fY411n7fL
暗黑破坏神II,暗黑破坏神2开荒通关速度职业排名,1.4万 ,42,276,29,26,22,2022-02-06,https://www.bilibili.com/video/BV17q4y1b7Ep
暗黑破坏神II,这游戏剧情很复杂？好尸带你轻松看懂【暗黑破坏神2】浴火重生重制版,6.7万 ,618,3460,1290,528,133,2021-10-01,https://www.bilibili.com/video/BV1434y1D7A9
暗黑破坏神II,【女巫】亲闺女的正确姿势-新人上手指南【暗黑破坏神2重制版】,17.2万 ,360,2167,986,2347,442,2021-09-11,https://www.bilibili.com/video/BV11A411F7cb
暗黑破坏神II,暗黑破坏神2重制版天梯【双最后希望可汗】,1.2万 ,90,279,19,15,20,2022-03-03,https://www.bilibili.com/video/BV1oP4y1u76H
暗黑破坏神II,【说唱新世代2】 成都文理学院学生参赛选手：Diablo808 《Run》official video,4821 ,68,237,165,67,82,2022-03-22,https://www.bilibili.com/video/BV1eS4y1g7iR
暗黑破坏神II,憎恨之女降临，《暗黑破坏神4》首发预告片,42.7万 ,2749,3261,1133,3050,1.3万,2019-11-02,https://www.bilibili.com/video/BV1ME411t7q8
暗黑破坏神II,【交响乐】组曲―暴雪・完美 （魔兽世界 炉石传说 星际争霸 暗黑破坏神）,6.8万 ,1724,715,643,3047,814,2017-05-14,https://www.bilibili.com/video/BV1Ax411v7sH
暗黑破坏神II,【战斗蜗牛】暗黑破坏神2重置版-标准双热圣骑,4.6万 ,149,1113,526,554,94,2021-09-02,https://www.bilibili.com/video/BV1Wf4y1N7Lx
暗黑破坏神II,暗黑破坏神2重制版战网物品2022.4.5价格,3885 ,2,115,29,12,11,2022-04-05,https://www.bilibili.com/video/BV1ha411i7mb
暗黑破坏神II,开箱！暴雪寄给我的暗黑破坏神4神秘箱子看看有些什么？,6.5万 ,445,3120,710,402,2012,2020-11-28,https://www.bilibili.com/video/BV1nK41137wd
暗黑破坏神II,【爷。青。回。】PS5/PS4《暗黑破坏神2》重制版正式公开！,8.2万 ,182,2705,256,165,1580,2021-02-20,https://www.bilibili.com/video/BV1Uf4y1z7tt
暗黑破坏神II,老王上线 暗黑2重制版2.4召唤德鲁伊四环动物园土豪版+打钱贫民版//Diablo2R 2.4 DRU Summon,1420 ,7,26,8,6,5,2022-04-04,https://www.bilibili.com/video/BV1Ga411i7Kh
暗黑破坏神II,【暗黑破坏神4】亚洲女巫试玩 - 这就是一个加了符文版的暗黑3,12.9万 ,506,396,11,90,231,2020-06-18,https://www.bilibili.com/video/BV1yp4y1D7qM
暗黑破坏神II,暗黑破坏神4 组队boss讨伐与实际场景 展示影片 Diablo4,13.2万 ,142,333,15,93,671,2020-01-10,https://www.bilibili.com/video/BV1nJ411V7At
暗黑破坏神II,暗黑破坏神2魔电中文交易拍卖网站上线了小伙伴们快来啊,6556 ,0,49,20,93,19,2022-03-26,https://www.bilibili.com/video/BV18T4y1i7rD
暗黑破坏神II,《暗黑破坏神不朽》中文预告！6人联机玩法曝光,13.6万 ,289,389,18,104,989,2020-08-03,https://www.bilibili.com/video/BV1qD4y1U77S
暗黑破坏神II,【战斗蜗牛】暗黑破坏神2野蛮人攻略,11.6万 ,1297,1010,582,677,163,2017-09-23,https://www.bilibili.com/video/BV17x411G7Ag
暗黑破坏神II,暗黑2重置 169个骷髅的幸福 What if Necromancer has 169 skeletons_ Diablo 2 Resurrected,1.6万 ,33,97,1,7,17,2022-02-06,https://www.bilibili.com/video/BV1Tb4y1n7Ju
暗黑破坏神II,暗黑破坏神4 最新9分钟实机演示 2021年12月战斗与视觉效果更新 Diablo 4 Brand New Gameplay,6.2万 ,358,382,23,77,760,2021-12-21,https://www.bilibili.com/video/BV1nP4y1H7k7
暗黑破坏神II,【战斗蜗牛】暗黑破坏神2弓箭亚马逊攻略,17.4万 ,1328,1188,640,934,210,2017-09-17,https://www.bilibili.com/video/BV1rx411s7SE
暗黑破坏神II,【4K】《暗黑破坏神・不朽》最高画质1小时实机体验,3.4万 ,78,279,50,37,187,2021-11-30,https://www.bilibili.com/video/BV1zq4y1z74Y
暗黑破坏神II,暗黑破坏神2重制版20220409战网拍卖实录,2834 ,11,139,23,7,11,2022-04-10,https://www.bilibili.com/video/BV1JS4y1274D
暗黑破坏神II,暗黑破坏神2塔拉夏电法,8114 ,33,204,29,31,10,2022-03-21,https://www.bilibili.com/video/BV1vb4y1p7XN
暗黑破坏神II,暗黑破坏神1到暗黑破坏神2之间到底发生了什么故事？崔斯特姆是如何被摧毁的？这个视频为你揭晓答案,9.4万 ,54,584,87,486,202,2018-09-19,https://www.bilibili.com/video/BV1tW41167xD
暗黑破坏神II,暗黑破坏神2战斗命令战斗体质最高堆到多少级,2488 ,6,122,34,9,4,2022-04-04,https://www.bilibili.com/video/BV16Y411771H
暗黑破坏神II,五级圣骑士战胜地表大菠萝 World First Level 5 Paladin vs Uber Diablo - Diablo 2 Resurrected,6043 ,11,49,1,5,37,2022-03-24,https://www.bilibili.com/video/BV1nr4y1i74g
暗黑破坏神II,暗黑破坏神2重制版【双持武器变形BUG】,3196 ,6,152,17,7,3,2022-04-01,https://www.bilibili.com/video/BV1Ri4y1D72g
暗黑破坏神II,2分13秒通关150，暗黑破坏神3第24赛季，四人组队世界记录,3.2万 ,54,392,13,18,57,2021-11-25,https://www.bilibili.com/video/BV1aY411478j
暗黑破坏神II,【琉璃】暗黑破坏神3套装地下城全攻略：猎魔人篇,1.8万 ,18,525,151,269,32,2022-01-24,https://www.bilibili.com/video/BV125411f7yH
暗黑破坏神II,暗黑破坏神Ⅲ：死灵再起【电影版】第一幕,6.9万 ,289,1569,780,1243,72,2020-07-13,https://www.bilibili.com/video/BV1x54y1q7oo
暗黑破坏神II,大菠萝，请叫我一声爸爸――6级圣骑士单挑超级暗黑破坏神！,13.1万 ,463,1763,469,343,1111,2021-08-24,https://www.bilibili.com/video/BV1sL411b76f
暗黑破坏神II,微软将对订阅XGP但不玩的玩家进行退款，暴雪即将公布魔兽、守望先锋、暗黑破坏神的新消息,33.4万 ,186,8997,274,734,4503,2022-01-27,https://www.bilibili.com/video/BV1344y1s7Qx
暗黑破坏神II,这个是世界boss？国外主播玩《暗黑破坏神4》法师+德鲁伊,13.3万 ,522,267,25,92,822,2019-11-02,https://www.bilibili.com/video/BV1WE411t7FP
暗黑破坏神II,【暗黑破坏神2地毯式考古】第三期：废案大揭秘！第一幕有哪些不为人知的设计？【暗黑学大讲坛】,2.7万 ,120,883,737,384,40,2021-12-15,https://www.bilibili.com/video/BV1LQ4y1v7Pt
暗黑破坏神II,【XGP每日游讯】《暗黑破坏神4》公布环境演示;《十字军之王3》《狙击精英5》首发加入XGP,1.8万 ,5,77,5,17,19,2022-03-30,https://www.bilibili.com/video/BV1jY411J7T4
暗黑破坏神II,【暗黑破坏神】这才是真正的暗黑2重制版,10.1万 ,59,264,16,107,30,2020-06-13,https://www.bilibili.com/video/BV1h5411W7Rh
暗黑破坏神II,8分钟看完暗黑破坏神编年史,9.6万 ,178,391,199,759,156,2018-03-05,https://www.bilibili.com/video/BV16W411x75g
暗黑破坏神II,致敬【暗黑破坏神MedianXL】,4903 ,0,146,35,20,12,2022-03-18,https://www.bilibili.com/video/BV19Z4y1z7mW
暗黑破坏神II,暗黑破坏神4 德鲁伊、法师&野蛮人超长试玩 暴雪嘉年华2019,8.3万 ,1312,336,79,374,1165,2019-11-02,https://www.bilibili.com/video/BV1nE411t7Fk
暗黑破坏神II,万字解析！《暗黑破坏神》第四期，这件事可能跟你想的不太一样,8.5万 ,933,3838,2466,841,71,2021-08-13,https://www.bilibili.com/video/BV1vP4y1W7we
暗黑破坏神II,【更新中】可以玩死灵了~暗黑破坏神不朽：不朽全剧情流程,3.2万 ,117,313,60,67,93,2021-11-29,https://www.bilibili.com/video/BV1F44y1e7sT
暗黑破坏神II,暗黑破坏神2角色最多能有多少血,9616 ,39,323,53,21,21,2022-04-03,https://www.bilibili.com/video/BV1s34y1s7qM
暗黑破坏神II,暗黑破坏神登场人物比例展示：天使VS恶魔VS人类,1.1万 ,93,239,9,61,5,2022-03-08,https://www.bilibili.com/video/BV1aZ4y1k7PV
暗黑破坏神II,兔兔鸡《暗黑破坏神2》护身符介绍 有啥用？用哪个？值钱吗？,5.1万 ,165,1331,448,412,112,2021-07-31,https://www.bilibili.com/video/BV1eP4y1x7rs
暗黑破坏神II,【第八号当铺】黑色契约|极致诱惑，暗黑破坏神永垂不朽,7447 ,101,676,334,362,111,2022-01-21,https://www.bilibili.com/video/BV17T4y127Fj
暗黑破坏神II,暗黑破坏神4.1080P.60FPS实机演示.中英双语特效字幕.预告片,13.4万 ,281,1025,174,226,1402,2021-06-23,https://www.bilibili.com/video/BV1Ff4y1b7Yc
暗黑破坏神II,【暗黑破坏神2重置版】高价豪装！七光环圣骑炸裂极限难度,2.5万 ,110,576,162,100,34,2022-01-07,https://www.bilibili.com/video/BV1Fr4y1v75q
暗黑破坏神II,【合金萝卜】你不玩之后暗黑破坏神2都更新了什么？1.01-1.14d【暗黑2】,15.6万 ,805,6245,2855,1273,316,2021-05-25,https://www.bilibili.com/video/BV1z44y1r7Th
暗黑破坏神II,爽到爆肝，4款类暗黑破坏神刷子手游推荐【友坑】,23.5万 ,234,2652,532,1091,165,2021-02-05,https://www.bilibili.com/video/BV1sV411B7q3
暗黑破坏神II,万字解析！《暗黑破坏神》第二期，原来这些年我们错过了这么多！,11.4万 ,763,4014,2082,1038,74,2021-08-02,https://www.bilibili.com/video/BV12g41177wR
暗黑破坏神II,【4K60帧】《暗黑破坏神4》CG预告片~莉莉丝浴血降临（国际版）,9.7万 ,251,841,66,626,547,2020-11-23,https://www.bilibili.com/video/BV1454y167gz
暗黑破坏神II,暗黑破坏神2重制版20220408战网宝贝拍卖实录,3949 ,15,141,26,17,15,2022-04-09,https://www.bilibili.com/video/BV1Z34y1e7CC
暗黑破坏神II,真香警告！Switch版暗黑破坏神3实机26分钟试玩,9.9万 ,139,370,170,103,242,2018-11-07,https://www.bilibili.com/video/BV1wb411c7hC
暗黑破坏神II,暴雪嘉年华《暗黑破坏神4》CG短片&实机演示,35.1万 ,2383,6847,1245,2585,1.1万,2019-11-02,https://www.bilibili.com/video/BV1ME411t7iC
暗黑破坏神II,暗黑破坏神4CG中出现的莉莉丝是谁？,13.7万 ,312,489,126,178,32,2019-11-05,https://www.bilibili.com/video/BV1JE411B7gU
暗黑破坏神II,兔兔鸡《暗黑破坏神2》电法成长之旅 属性/技能/装备提升思路 法师/女巫成长之旅系列,9.0万 ,239,1427,734,845,302,2021-09-15,https://www.bilibili.com/video/BV1E44y1b7BR
暗黑破坏神II,【1080/60】《暗黑破坏神3》VS《暗黑破坏神4》画面对比，也算是跨时代的进步了。,8.9万 ,235,265,9,108,131,2019-11-03,https://www.bilibili.com/video/BV1cE411b7bT
暗黑破坏神II,脱非入欧在此一举！【刷装备】【暗黑破坏神2浴火重生】,4.4万 ,174,1092,640,1363,292,2021-10-11,https://www.bilibili.com/video/BV1e34y1S7NN
暗黑破坏神II,switch暗黑破坏神3 一周玩下来发现和电脑上有哪些不同,12.7万 ,122,240,76,100,46,2019-02-03,https://www.bilibili.com/video/BV1fb411678H
暗黑破坏神II,【猫饼厨房】暗黑破坏神2-全面回复活力药剂,2.8万 ,230,1576,667,330,362,2021-10-27,https://www.bilibili.com/video/BV17Q4y1q7rm
暗黑破坏神II,【爆笑暗黑破破坏神】MF Meph _ DiabLoL 2 Ep37同人Q版动画Diablo2大菠萝,4.1万 ,60,554,8,58,100,2021-11-21,https://www.bilibili.com/video/BV1QL411T7fk
暗黑破坏神II,[兔兔鸡]《暗黑破坏神2》刺客开荒全通攻略 电烤达人 辣椒孜然咸盐面 冰镇啤酒柠檬片,7.7万 ,139,1158,484,820,202,2021-04-23,https://www.bilibili.com/video/BV1Di4y1A7oe
暗黑破坏神II,【爆笑暗黑破破坏神】Ep33 How to Make Runewords同人Q版动画Diablo2大菠萝,6.9万 ,145,1053,48,136,644,2021-10-23,https://www.bilibili.com/video/BV1n3411y7RG
暗黑破坏神II,暗黑破坏神不朽最新试玩视频，真香？,20.2万 ,517,474,56,119,1204,2019-11-02,https://www.bilibili.com/video/BV1JE411t78f
暗黑破坏神II,《暗黑破坏神4》12分钟演示,12.7万 ,282,623,11,126,282,2020-11-19,https://www.bilibili.com/video/BV1Yr4y1F7gE
暗黑破坏神II,永恒之战与七柱魔神-暗黑破坏神故事节目01【试播集】,16.3万 ,1494,1.4万,8184,3023,347,2021-09-02,https://www.bilibili.com/video/BV19Q4y1C7Jp
暗黑破坏神II,暗黑破坏神Diablo名字的参考依据是什么？答案出乎意料……,7.7万 ,129,3800,254,299,22,2021-01-12,https://www.bilibili.com/video/BV17y4y1m7c7
暗黑破坏神II,《暗黑破坏神4》最新9分钟实机演示画面公布,5.9万 ,356,755,20,129,874,2021-12-21,https://www.bilibili.com/video/BV1rL4y1J78m
暗黑破坏神II,【战斗蜗牛】暗黑破坏神2重置版精神眼光符文之语底材获取途径,6.4万 ,166,1332,551,849,138,2021-09-30,https://www.bilibili.com/video/BV1w64y1h78M
暗黑破坏神II,【暗黑破坏神2】全职业开荒懒人包－暌违二十年的圣火骑、充能弹法师、召唤死灵！,9.7万 ,93,1143,702,1747,239,2021-08-19,https://www.bilibili.com/video/BV14h411i7ff
暗黑破坏神II,完结！【暗黑破坏神剧情】奈非天最终终结了马萨伊尔的美梦,10.8万 ,445,3268,2333,560,20,2019-09-04,https://www.bilibili.com/video/BV1U4411C7BU
暗黑破坏神II,微软将重置星际争霸系列，部分动视暴雪IP，风暴英雄系列，守望先锋系列，暗黑破坏神系列等。,6.0万 ,113,920,49,126,702,2022-02-03,https://www.bilibili.com/video/BV1Qq4y1F7ck
暗黑破坏神II,【暗黑破坏神4】最新游戏环境实景展示（Environmental Art）,5010 ,9,14,投币,2,11,2022-03-30,https://www.bilibili.com/video/BV1Q94y1f72U
暗黑破坏神II,《暗黑破坏神4》罗格游侠战斗演示,5.4万 ,102,380,4,33,162,2021-11-14,https://www.bilibili.com/video/BV1ch41147M7
暗黑破坏神II,［兔兔鸡］《暗黑破坏神2》德鲁伊开荒全通攻略 大自然之子 永远的神,7.0万 ,405,1215,489,383,320,2021-04-27,https://www.bilibili.com/video/BV13Q4y1f7vS
暗黑破坏神II,《暗黑破坏神4》季度更新演示：科沃沙德,2491 ,4,172,2,10,8,2022-03-30,https://www.bilibili.com/video/BV1V5411S77j
暗黑破坏神II,【爆笑暗黑破破坏神】How to find GOLD _ DiabLoL Ep41同人Q版动画Diablo2大菠萝,4.5万 ,43,814,24,66,320,2021-12-18,https://www.bilibili.com/video/BV1ri4y197sw
暗黑破坏神II,友坑：高仿暗黑破坏神？网易《无尽神域》地下城探险手游娱乐解说！,9.5万 ,201,78,31,105,61,2018-01-27,https://www.bilibili.com/video/BV1tW411e7yv
暗黑破坏神II,《暗黑破坏神4》加州现场音效外采,6.6万 ,168,718,19,139,419,2021-10-12,https://www.bilibili.com/video/BV1DQ4y1B7J5
暗黑破坏神II,微软以687亿美元收购暴雪！游戏史上最大的一笔收购！《守望先锋》、《魔兽》、《暗黑破坏神》或将迎来第二春！,4.8万 ,77,1746,68,121,768,2022-01-19,https://www.bilibili.com/video/BV1uY411b7oQ
暗黑破坏神II,【暗黑破坏神2重制版】盾丁骑平民装爆刷6boss 轻松获取地狱火炬指南,3.6万 ,77,606,230,578,281,2021-10-17,https://www.bilibili.com/video/BV1qL4y1B77M
暗黑破坏神II,萌新必看！switch版【暗黑破坏神3】新手操作&卡奈魔盒全指南,23.0万 ,211,899,557,1171,279,2018-11-22,https://www.bilibili.com/video/BV1Ft411y7Mn
暗黑破坏神II,【PC】暗黑破坏神2原版和重制版使用RTX 3080下画面对比,9.9万 ,316,345,8,136,312,2021-04-09,https://www.bilibili.com/video/BV18K411F7yK
暗黑破坏神II,【IGN】《暗黑破坏神2 狱火重生》宣传视频,16.1万 ,494,1431,257,412,5155,2021-02-20,https://www.bilibili.com/video/BV1Fo4y1R7Zf
暗黑破坏神II,【自愈TV】关于暗黑破坏神的十个事实！你还记得暴雪北方吗？――游戏背后第34期,13.4万 ,1081,43,1240,1558,224,2017-01-12,https://www.bilibili.com/video/BV1xs411h7L4
暗黑破坏神II,暗黑破坏神2暴风雪VS冰封球,4.5万 ,102,777,63,103,34,2021-09-16,https://www.bilibili.com/video/BV1Qg411c7je
暗黑破坏神II,资讯《暗黑破坏神2重制版》9月24日全平台发布 & 最新宣传片［中字］,7.7万 ,299,600,92,93,1003,2021-06-14,https://www.bilibili.com/video/BV1tU4y1G7v4
暗黑破坏神II,暗黑破坏神4 法师 实机游戏演示 角色选择技能 天赋树 装备展示 机翻,5.4万 ,359,497,15,62,107,2021-09-03,https://www.bilibili.com/video/BV1X44y187pF
暗黑破坏神II,【地平线5】明日香痛车 (剧场版.终）1997 兰博基尼 DIABLO SV,2093 ,4,254,103,123,12,2022-03-31,https://www.bilibili.com/video/BV1mi4y1Q79a
暗黑破坏神II,这款山寨暗黑破坏神好玩吗？暴雪看了流泪 粉丝看了笑了《糖七说》#52,9.9万 ,450,2689,781,353,68,2020-02-23,https://www.bilibili.com/video/BV1P7411F7jX
暗黑破坏神II,暗黑破坏神2重制版战网全亚洲只有5套的套装,6.0万 ,106,597,44,42,31,2021-10-13,https://www.bilibili.com/video/BV1Zr4y127AF
暗黑破坏神II,【中文配音】暗黑破坏神IV 宣布CG _ 拜命三归,14.7万 ,819,1273,388,814,4629,2019-11-02,https://www.bilibili.com/video/BV1ME411t7eP
暗黑破坏神II,【野蛮人】人肉绞肉机-上手指南【暗黑破坏神2浴火重生】,7.8万 ,245,906,230,460,143,2021-09-22,https://www.bilibili.com/video/BV14L4y187Mq
暗黑破坏神II,【暗黑破坏神2：狱火重生】2.4天梯塔拉夏九头蛇法师能刷红门吗? 效率可接受?究竟能否取代火墙?专业代打团先冲一波！ （Diablo 2 resurrected,8783 ,7,88,7,7,7,2022-03-11,https://www.bilibili.com/video/BV13Y41137qL
暗黑破坏神II,【Taurus Studio暗黑破坏神 英普瑞斯开箱评测】b站首发&唯一牛社英普瑞斯开箱评测：全球限量80体 价值3万的勇气天使来了！,5.9万 ,257,1174,331,301,542,2021-08-14,https://www.bilibili.com/video/BV1i44y1y7Wv
暗黑破坏神II,【战斗蜗牛】暗黑破坏神2重置版-双热圣骑的归宿-崔凡客打钱,4.3万 ,73,711,151,111,58,2021-10-01,https://www.bilibili.com/video/BV1TP4y1873p
暗黑破坏神II,【爆笑暗黑破破坏神】NecroCancer _ DiabLoL 2 Ep35同人Q版动画Diablo2大菠萝,5.0万 ,80,862,27,65,192,2021-11-07,https://www.bilibili.com/video/BV1kR4y1E7fs
暗黑破坏神II,「暗黑破坏神4」CG预告 | 暴雪嘉年华：暗黑4新职业――盗贼（游侠）！！,9.3万 ,269,706,11,153,360,2021-05-25,https://www.bilibili.com/video/BV1j64y1o7oA
暗黑破坏神II,4K画质！暗黑破坏神4 最新演示(地形，环境)视频,1601 ,6,38,4,5,6,2022-04-07,https://www.bilibili.com/video/BV173411J7Xa
暗黑破坏神II,我才不是谐星：暗黑破坏神3 死灵法师 108层 演示,22.3万 ,705,218,167,344,950,2017-05-28,https://www.bilibili.com/video/BV1Px411e74B
暗黑破坏神II,【爆笑暗黑破破坏神】Good Anya _ DiabLoL Ep34同人Q版动画Diablo2大菠萝,5.7万 ,88,973,26,84,234,2021-10-30,https://www.bilibili.com/video/BV13L4y1q72b
暗黑破坏神II,Hiphop大魔王大菠萝Diablo Vs Clementine @ Battle Opsession 2021,628 ,0,33,4,16,1,2022-04-09,https://www.bilibili.com/video/BV1744y1V7BW
暗黑破坏神II,《暗黑破坏神2》当技能达到99级会怎么样？召唤死灵：来不及解释了，快上车打团战,8.8万 ,195,692,20,79,33,2021-07-23,https://www.bilibili.com/video/BV1fq4y1Q7SG
暗黑破坏神II,《暗黑破坏神4》最新游戏环境视觉效果展示视频公布,4.0万 ,145,596,9,115,355,2022-03-30,https://www.bilibili.com/video/BV1bY4y1p7CL
暗黑破坏神II,暗黑破坏神2重制版目前最诺MOD 还带圣光指引,1.9万 ,48,338,150,240,29,2022-01-04,https://www.bilibili.com/video/BV1C44y1j7dP
暗黑破坏神II,【暗黑破坏神2重制版】一键打爆BOSS！双热圣骑士入坑指南,5.9万 ,154,977,437,865,153,2021-10-14,https://www.bilibili.com/video/BV1Qf4y1c7j7
暗黑破坏神II,【Diablo2重制版/暗黑破坏神2重制版】用脸滚键盘？圣骑士pal轻松开荒Build推荐,6.7万 ,133,698,171,468,102,2021-09-03,https://www.bilibili.com/video/BV1sq4y1T77q
暗黑破坏神II,《暗黑破坏神剧情》艾丹封印迪亚波罗，却不知道自己被慢慢的侵蚀了意志【第三期】,17.3万 ,393,6272,4778,1377,52,2019-06-08,https://www.bilibili.com/video/BV144411T77a
暗黑破坏神II,【燃向】得入暴雪门，无悔游人生（更新OW版本）,433.7万 ,4.3万,4.9万,6.1万,14.0万,2.2万,2014-12-02,https://www.bilibili.com/video/BV1dx411P79c
暗黑破坏神II,暗黑破坏神2重制版【死灵法师全技能效果欣赏】,10.0万 ,314,641,42,99,112,2021-04-19,https://www.bilibili.com/video/BV1fy4y1W7pD
暗黑破坏神II,【爆笑暗黑破破坏神】 Ep36 How to Dupe _ DiabLoL 2同人Q版动画Diablo2大菠萝,3.8万 ,16,492,12,44,27,2021-11-16,https://www.bilibili.com/video/BV1qq4y1u7ac
暗黑破坏神II,【中文配音】《暗黑破坏神4》官方CG预告,46.2万 ,1233,2030,199,1480,2123,2019-11-02,https://www.bilibili.com/video/BV1pE411t7wH
暗黑破坏神II,暗黑破坏神3剧情动画CG全集(原声中字),32.9万 ,1831,1879,866,4570,1931,2017-07-29,https://www.bilibili.com/video/BV1zx411W7iX
暗黑破坏神II,《暗黑破坏神4》CG动画【中英双语1080P】,38.0万 ,1712,3711,411,2741,3015,2019-11-02,https://www.bilibili.com/video/BV1JE411t7fK
暗黑破坏神II,万字解析！《暗黑破坏神》第三期，除了刷刷刷它还有什么？,10.4万 ,661,3847,2212,936,73,2021-08-06,https://www.bilibili.com/video/BV1Hq4y1Q74R
暗黑破坏神II,《暗黑破坏神4》野蛮人20分钟试玩,24.0万 ,881,806,23,172,435,2020-06-03,https://www.bilibili.com/video/BV1oi4y1s7Ha
暗黑破坏神II,《暗黑破坏神4》季度更新“环境演示”：比以往更黑暗,8334 ,22,308,1,24,44,2022-03-30,https://www.bilibili.com/video/BV19Y411E7Gr
暗黑破坏神II,暗黑破坏神2【最强的七个怪】,5.6万 ,214,1198,137,117,24,2021-08-19,https://www.bilibili.com/video/BV1YU4y1E7Gh
暗黑破坏神II,这手机我们能有不？《暗黑破坏神：不朽》初次测试评测,18.2万 ,1396,8202,961,458,1153,2021-08-15,https://www.bilibili.com/video/BV1ig411j7wt
暗黑破坏神II,残忍狡诈的邪恶神明，迪亚波罗生生死死的一生。《暗黑破坏神》故事梳理。,7.0万 ,305,4494,983,494,56,2020-11-26,https://www.bilibili.com/video/BV17K41137Ps
暗黑破坏神II,暗黑4 OP宣传片 暴雪嘉年华2019（高清原版）莉莉丝 暗黑破坏神4 Diablo IV,18.3万 ,1233,872,198,711,3083,2019-11-01,https://www.bilibili.com/video/BV1gE411t7t5
暗黑破坏神II,地狱难度观光团【暗黑破坏神2重制版】奶牛关、大菠萝、墨菲斯托、巴尔通通速打一遍,4.0万 ,416,1666,240,107,17,2021-08-26,https://www.bilibili.com/video/BV1Sq4y1M7xp
暗黑破坏神II,万字解析！《暗黑破坏神》第八期，三代游戏吃书拉胯？还是另有企图？,4.0万 ,504,1780,1001,340,24,2021-09-15,https://www.bilibili.com/video/BV1PQ4y1r713
暗黑破坏神II,IPad Pro｜极限竞速地平线5｜Xbox game pass｜steam｜Apple2021｜开箱｜M1芯片｜12.9｜5G｜赛博朋克｜精英手柄｜暗黑破坏神,3.9万 ,135,420,147,347,89,2021-12-07,https://www.bilibili.com/video/BV1ZM4y1w79Z
暗黑破坏神II,最像暗黑破坏神的中文A・RPG，却暗藏“铁匠铺超级BUG”！,11.5万 ,859,5465,1244,555,60,2021-10-24,https://www.bilibili.com/video/BV1kF411e7ks
暗黑破坏神II,暗黑破坏神1剧情（01）：血鸟、黑暗流浪者、召唤者；暗黑三位角色的结局,9.3万 ,262,755,376,444,45,2018-10-21,https://www.bilibili.com/video/BV1pt411R7MT
暗黑破坏神II,【暗黑破坏神2：狱火重生】4/15开启2.4！4/29开放天梯！火系德鲁伊真的起飞了？完全不怕免疫怪？只要招式顺序放对伤害就破表？这流派玩久了手会酸！,2766 ,2,35,4,4,4,2022-04-03,https://www.bilibili.com/video/BV1v3411H7KT
暗黑破坏神II,暴雪网易联合开发！ 《暗黑破坏神：不朽》电影级CG首曝！,114.3万 ,3205,2928,1125,1131,2472,2018-11-02,https://www.bilibili.com/video/BV17b411w7Ab
暗黑破坏神II,音乐家听游戏原声的反应：《孤岛惊魂5》《暗黑破坏神》《三国全战》more！音乐ep7,18.1万 ,1978,9654,2477,1515,183,2021-05-02,https://www.bilibili.com/video/BV1NN411f7FJ
暗黑破坏神II,【中字】《暗黑破坏神4》 2021最新实机演示 1080P60FPS,13.2万 ,333,494,17,213,320,2021-02-20,https://www.bilibili.com/video/BV1cy4y1a7PZ
暗黑破坏神II,【爆笑暗黑破破坏神】ep31自由倒钩，同人Q版动画Diablo2大菠萝,5.0万 ,13,640,9,47,50,2021-10-10,https://www.bilibili.com/video/BV1QP4y187qc
暗黑破坏神II,(圣诞节消息！)《暗黑破纳IV》2020年末 季度更新内容解析！,10.9万 ,207,546,19,107,290,2020-12-23,https://www.bilibili.com/video/BV1Sz4y1r7jS
暗黑破坏神II,【爆笑暗黑破破坏神】高画质重置版爆笑暗黑画面对比，同人Q版动画Diablo2大菠萝,4.8万 ,57,653,28,90,319,2021-10-01,https://www.bilibili.com/video/BV1TL411s7tg
暗黑破坏神II,《暗黑破坏神4》4.3一些场景演示,2934 ,8,86,1,4,3,2022-04-03,https://www.bilibili.com/video/BV1494y1o7Fd
暗黑破坏神II,【暗黑破坏神2：狱火重生】4/15开启2.4！4/29开放天梯！ 2.4版天拳丁大翻身？一招无脑扫光红门？天堂之拳居然有这么夸张的BUG？圣光烧尽邪恶,2814 ,3,27,7,8,10,2022-03-30,https://www.bilibili.com/video/BV1di4y1D7F1
暗黑破坏神II,“这样的野蛮人太爽”《暗黑破坏神 4》与《暗黑破坏神 3》画面对比,12.3万 ,221,214,10,87,110,2019-11-04,https://www.bilibili.com/video/BV1dE411q746
暗黑破坏神II,老王上线 暗黑2重制版2.4死灵法师四环骷髅战士-土豪版//Diablo2R 2.4 NEC Raise Skeleton,3427 ,3,35,6,9,6,2022-03-31,https://www.bilibili.com/video/BV1TF41137u4
暗黑破坏神II,【暗黑破坏神剧情】毁灭之王巴尔终被冒险者们击败，大天使泰瑞尔一剑击碎世界之石，暗黑二剧情完结,9.8万 ,500,3339,2428,644,24,2019-06-28,https://www.bilibili.com/video/BV1Dx411d71R
暗黑破坏神II,CSGO模改:Diablo Svip,6.3万 ,155,2612,114,329,190,2021-09-28,https://www.bilibili.com/video/BV1jL4y1z7Cp
暗黑破坏神II,2019暴雪嘉年华上来直接开大！暗黑破坏神4的CG，现场沸腾了！,16.2万 ,49,343,47,100,48,2019-11-01,https://www.bilibili.com/video/BV1ME411t7Y8
暗黑破坏神II,【STEAM每日情报】CDPR开发人员加盟《暗黑破坏神4》+烂橘子改名EA Desktop App,5.8万 ,241,3670,262,188,80,2020-09-15,https://www.bilibili.com/video/BV1TK4y1a7AP
暗黑破坏神II,【爆笑暗黑破破坏神】世界之石要塞The World Stone Keep _ DiabLoL Ep40同人Q版动画Diablo2大菠萝,4.1万 ,46,751,14,45,82,2021-12-11,https://www.bilibili.com/video/BV1gR4y1x7Kg
game_name,title,view,dm,like,coin,collect,share,upload_date,url
暗黑破坏神II,【中文配音】《暗黑破坏神IV》 游戏CG宣传片：拜命三归 1080P视频,9.8万 ,519,825,208,738,2570,2019-11-02,https://www.bilibili.com/video/BV1ME411t7HX
暗黑破坏神II,【暗黑破坏神】2代剧情（上）：三大魔神将要复活 人类英雄再出击,12.2万 ,562,4305,2524,1281,155,2021-01-08,https://www.bilibili.com/video/BV1Zo4y1d7mm
暗黑破坏神II,【暗黑破坏神剧情】奈非天力量觉醒，面对大魔神也将毫无畏惧！【第十二期】,6.1万 ,1015,2792,1984,503,19,2019-08-05,https://www.bilibili.com/video/BV12t411M7KH
暗黑破坏神II,【暗黑破坏神剧情】神秘陨星降临庇护之地，缺带来了地狱里的恶魔，冒险者再次集结拯救庇护之地【第九期】,9.3万 ,697,2445,1579,486,28,2019-07-06,https://www.bilibili.com/video/BV1w4411w72m
暗黑破坏神II,《暗黑破坏神剧情》冒险者初遇屠夫，李奥瑞克王，迪亚波罗阴谋逐渐展开【第二期】,24.0万 ,521,6516,4444,1593,86,2019-06-05,https://www.bilibili.com/video/BV1x4411M7z5
暗黑破坏神II,【暗黑破坏神剧情】震惊！罪恶之王阿兹莫丹是被Rap死的【第十一期下集】,6.3万 ,595,3324,2985,596,14,2019-08-01,https://www.bilibili.com/video/BV1Ht411F7AS
暗黑破坏神II,【暗黑破坏神】1代剧情：崔斯特姆的BGM响起的那一刻 爷青回,9.3万 ,567,3658,2215,1344,251,2020-12-30,https://www.bilibili.com/video/BV1Tt4y1C7Wm
暗黑破坏神II,【暗黑破坏神剧情】莉亚初遇她母亲，解开当初离去原因，带来击杀彼列关键的消息黑色灵魂石【第十期中集】,6.0万 ,190,2311,1572,384,5,2019-07-18,https://www.bilibili.com/video/BV1nt41137vM
暗黑破坏神II,【暗黑破坏神2考古现场】第四期:血乌鸦故事剧情解析/开发者访谈/揭秘堕落的罗格/重置版血鸟,1.7万 ,94,600,489,253,23,2022-01-02,https://www.bilibili.com/video/BV1CL4y1t7Rn
暗黑破坏神II,万字解析！《暗黑破坏神》第七期，你爱的大菠萝角色后来死掉了吗？,5.4万 ,859,2426,1337,469,22,2021-09-02,https://www.bilibili.com/video/BV1Sg411V7RY
暗黑破坏神II,【今夜游情】P446 《海贼王》公布新作《海贼王：奥德赛》，《暗黑破坏神：不朽》开启预购,8124 ,33,658,58,24,5,2022-03-29,https://www.bilibili.com/video/BV1p5411S7wX
暗黑破坏神II,【STEAM每日情报】V社正在开发“活跃度奖励”系统+爆料《暗黑破坏神2重铸版》正在开发中,7.2万 ,358,4693,598,219,193,2020-05-11,https://www.bilibili.com/video/BV1ZQ4y1N7fk
暗黑破坏神II,初代赫拉迪姆封印三魔神，圣骑士、圣教军、武僧登场-【暗黑破坏神故事节目06】,4.9万 ,310,4559,1645,592,27,2021-11-01,https://www.bilibili.com/video/BV1mq4y1g7QX
暗黑破坏神II,《暗黑破坏神到底讲的什么故事》冒险者和黑暗流浪者擦肩而过，虽没追上他的脚步还是处决了墨菲斯托,12.4万 ,521,4097,2845,795,37,2019-06-16,https://www.bilibili.com/video/BV1p441157uk
暗黑破坏神II,在“夺魂之镰”资料片前究竟发生了什么，泰瑞尔在里面充当怎么样的角色【暗黑破坏神背景故事】,9.0万 ,638,2692,1784,468,28,2019-08-11,https://www.bilibili.com/video/BV194411D76j
暗黑破坏神II,EPIC免费领取价值68元的《勇闯银河系》|《暗黑破坏神4》三位高层被开除，暴雪多位主要人员遭辞退出走|《APEX英雄》首席设计师遭劝退|《毁灭战士》系列新史低,13.5万 ,242,8788,547,335,205,2021-08-12,https://www.bilibili.com/video/BV1Do4y1m7J9
暗黑破坏神II,【暗黑破坏神剧情】黑暗灵魂石显现在人间，谎言之王彼列将回归地狱！【第十期下集】,5.3万 ,331,2479,1650,386,7,2019-07-22,https://www.bilibili.com/video/BV1Mt41177mb
暗黑破坏神II,《暗黑破坏神剧情》冒险者解开千年前的困惑，并击杀迪亚波罗不过巴尔这个恶魔在继续他的计划【第七期】,9.9万 ,258,2656,1574,496,22,2019-06-22,https://www.bilibili.com/video/BV1m4411u7Kk
暗黑破坏神II,黑神话悟空海外播放碾压使命召唤，暗黑破坏神2重制开测，俄罗斯方块在steam解锁,4.7万 ,46,3350,118,99,46,2021-08-20,https://www.bilibili.com/video/BV15q4y1M71U
暗黑破坏神II,免费领取116元游戏大作！《幽灵线：东京》超越《恶灵附身》！《生化危机》免费更新！《战地》手游可别摆烂了！《暗黑破坏神4》季度更新！,4.4万 ,48,1606,44,114,35,2022-03-27,https://www.bilibili.com/video/BV1rY4y1q7xx
暗黑破坏神II,【steam每日资讯】《DOTA》动画官宣，V社与网飞联合出品|暴雪嘉年华情报：《暗黑破坏神2重制版》《守望先锋2》新英雄|《骑马与砍杀2》新史低|B社游戏大包,11.6万 ,257,1.0万,1214,436,159,2021-02-17,https://www.bilibili.com/video/BV1dV411i7hR
暗黑破坏神II,[暴雪游戏CG集][魔兽世界/星际争霸Ⅱ/暗黑破坏神Ⅲ/风暴英雄/守望先锋/炉石传说][更新WOW8.0争霸艾泽拉斯],25.1万 ,3390,109,458,7725,795,2014-04-30,https://www.bilibili.com/video/BV1wx411T7XD
暗黑破坏神II,【steam每日资讯】《黑神话：悟空》遭手游抄袭|暴雪嘉年华《守望先锋2》新情报、《暗黑破坏神2重制版》公布|科乐美将《合金装备》《恶魔城》外包|孤岛惊魂5特惠,124.0万 ,2008,4.3万,2585,2795,885,2021-02-20,https://www.bilibili.com/video/BV1ZU4y1W71y
暗黑破坏神II,【暗黑破坏神剧情】黑暗灵魂石被盗，威斯特玛陷入前所未有的危机【第十三期上集】,5.5万 ,589,2937,2663,440,13,2019-08-16,https://www.bilibili.com/video/BV124411U7M6
暗黑破坏神II,【暗黑破坏神】3代剧情（上）：可以封印世间万物的黑暗灵魂石,5.7万 ,506,2110,1183,537,48,2021-01-23,https://www.bilibili.com/video/BV1KA411u7tG
暗黑破坏神II,【暗黑破坏神剧情】奈非天居然是在艾德莉亚那里寻找小马哥下落的【第十三期中集】,5.4万 ,180,2434,1796,373,9,2019-08-22,https://www.bilibili.com/video/BV174411R7Pt
暗黑破坏神II,【暗黑破坏神】2代剧情（下）：决战亚瑞特山 世界之石陨落,9.1万 ,571,2924,1618,786,72,2021-01-14,https://www.bilibili.com/video/BV1Fv4y1f7eh
暗黑破坏神II,【steam每日资讯】育碧35周年活动|《守望先锋2》《暗黑破坏神4》再次延期|克苏鲁题材恋爱游戏《爱的吸盘：第一次约会》|《影子战术：将军之刃》DLC即将发售,8.5万 ,366,6848,374,201,126,2021-11-03,https://www.bilibili.com/video/BV1tF411a7RF
暗黑破坏神II,【steam每日资讯】免费领取《地铁最后的曙光》《为了吾王》|《守望先锋2》《暗黑破坏神4》并不会在21年发售|育碧喜加一|《仁王2》首发特惠|《烟火》首发促销,18.8万 ,713,1.1万,1181,587,391,2021-02-05,https://www.bilibili.com/video/BV1NT4y1N7gu
暗黑破坏神II,steam喜加2！免费领取《泰坦之旅》《铁血联盟》|《孤岛危机重制版》首发特惠|《暗黑破坏神2 重制版》开启预售|《赏金奇兵3》免费试玩|《英灵神殿》新史低促销,11.2万 ,212,7628,547,355,280,2021-09-17,https://www.bilibili.com/video/BV1T34y1X7jY
暗黑破坏神II,"【Steam每日特惠】免费领取NS版《魔界村》,怪物猎人免费DLC饰物,蝙蝠侠全系列特惠,孤岛惊魂6钓鱼邮件,暴雪嘉年华公布暗黑破坏神2,堡垒之夜联动街头霸王！",10.3万 ,143,4506,204,192,172,2021-02-20,https://www.bilibili.com/video/BV15X4y1L77C
暗黑破坏神II,【Steam今日特惠】B社官推宣布加送《雷神之锤2和3》EA会员上线免费玩I暗黑破坏神4制作顺利I空洞骑士发行商特惠I地平线零之黎明I糖豆人终极淘汰赛！,5.3万 ,671,3687,890,316,101,2020-08-10,https://www.bilibili.com/video/BV17h411d7ow
暗黑破坏神II,介绍7个类似暗黑破坏神类的游戏 类似大菠萝 DIABLO 迪亚布罗,2.7万 ,64,371,131,498,45,2021-11-24,https://www.bilibili.com/video/BV1Cb4y1q73M
暗黑破坏神II,【暗黑破坏神2重制版】买前必看事项!（附全特效画面对比）,4.8万 ,346,791,114,90,264,2021-08-16,https://www.bilibili.com/video/BV1Lq4y1M7uV
暗黑破坏神II,萌新用switch第一次玩暗黑破坏神3的感受,9.0万 ,62,170,17,23,50,2019-09-07,https://www.bilibili.com/video/BV1K4411C7dg
暗黑破坏神II,《暗黑破坏神3》Switch版7分钟实机演示 960p60帧画面很流畅,9.1万 ,158,61,2,41,220,2018-08-22,https://www.bilibili.com/video/BV1CW411Q7Nd
暗黑破坏神II,【暗黑破坏神剧情】残害迪卡凯恩的恶魔，最终为此付出代价【第十期上集】,6.9万 ,320,1379,695,262,11,2019-07-15,https://www.bilibili.com/video/BV15t41157J3
暗黑破坏神II,暗黑破坏神2重制版--A5逃课级经验&装备刷点--2分钟收工--经验装备金币捡到手软,3.8万 ,104,543,190,349,41,2021-10-04,https://www.bilibili.com/video/BV1TU4y1w7co
暗黑破坏神II,暗黑破坏神2【赫拉迪克方块全解】,5.2万 ,132,1543,628,1545,82,2021-05-19,https://www.bilibili.com/video/BV1KN411Z7Ci
暗黑破坏神II,暗黑破坏神2版本之子凤凰盾,9740 ,11,262,26,24,6,2022-02-20,https://www.bilibili.com/video/BV1YL411K7Gy
暗黑破坏神II,暗黑破坏神2【实用暗金装备】你想要的都在这里,7.4万 ,418,1018,246,604,75,2020-11-22,https://www.bilibili.com/video/BV1Wf4y1v7id
暗黑破坏神II,【暗黑破坏神剧情】才结束卡尔蒂姆城的噩梦，亚瑞特地区又出现数以万计的恶魔大军【第十一期上集】,4.8万 ,493,2315,1386,339,8,2019-07-27,https://www.bilibili.com/video/BV16t411P7tY
暗黑破坏神II,【经典调酒】大魔鬼 - 少喝是舒爽，多喝是恶魔，隐藏在好喝果味下的酒精邪恶（El Diablo）鸡尾酒 | 酒吧 | 调酒师,6.4万 ,32,1634,551,1026,153,2020-11-19,https://www.bilibili.com/video/BV1nv411r78k
暗黑破坏神II,全网最全~《暗黑破坏神2》高清重制版现有情报汇总,7.3万 ,678,1000,252,218,302,2021-02-20,https://www.bilibili.com/video/BV17r4y1A7ao
暗黑破坏神II,【战斗蜗牛】暗黑破坏神2重置版-纯召唤死灵法师的亡灵大军,5.9万 ,217,958,234,155,182,2021-06-17,https://www.bilibili.com/video/BV1AM4y1u79E
暗黑破坏神II,暗黑破坏神2血甲底材选择,4155 ,10,165,24,18,1,2022-03-19,https://www.bilibili.com/video/BV1qP4y1u7i5
暗黑破坏神II,《暗黑破坏神：不朽》国服版公测宣传PV，App Store同步开启预约！,3014 ,2,8,投币,5,12,2022-03-29,https://www.bilibili.com/video/BV1Cr4y1W7D4
暗黑破坏神II,暗黑破坏神2重制版巨大化mod,2295 ,12,128,23,9,2,2022-03-28,https://www.bilibili.com/video/BV1rY4y1s73G
暗黑破坏神II,《暗黑破坏神：不朽》嘉年华全新CG,8.1万 ,202,340,41,97,685,2019-11-01,https://www.bilibili.com/video/BV13E411t7Bh
暗黑破坏神II,[DVDrip]暗黑破坏神Bastard OVA,6.5万 ,738,560,194,3580,112,2016-06-16,https://www.bilibili.com/video/BV1Zs411e7Mp
暗黑破坏神II,436km/h！全程爆表 地表最狂野牛 Diablo GTR 全程高速新路线 春季暴雨风景线,7.0万 ,232,1623,199,437,86,2020-06-26,https://www.bilibili.com/video/BV1xA411i7eL
暗黑破坏神II,Hiphop大魔王大菠萝Diablo Vs BGirl Kastet @ Battle Opsession 2021,337 ,0,17,投币,6,分享,2022-04-09,https://www.bilibili.com/video/BV1si4y1D7SE
暗黑破坏神II,《暗黑破坏神3》回顾与评析（1）：原版暗黑3究竟出了什么问题？,3.4万 ,624,1137,682,434,100,2021-08-09,https://www.bilibili.com/video/BV1QP4y1x7FQ
暗黑破坏神II,暗黑破坏神2【高性价比符文之语】开荒过渡用的上,6.6万 ,56,966,493,1364,145,2020-12-13,https://www.bilibili.com/video/BV19p4y1z72H
暗黑破坏神II,暗黑破坏神2【暗黑1主角都去哪了】为何他们不帮你打怪,7.7万 ,60,983,69,144,38,2020-12-11,https://www.bilibili.com/video/BV1454y1475S
暗黑破坏神II,暗黑破坏神2【三万MF是什么体验】,7.4万 ,91,1007,100,148,81,2021-04-21,https://www.bilibili.com/video/BV1n64y1i7ex
暗黑破坏神II,暗黑破坏神2流亡盾能带来一万多防御？,1.1万 ,5,294,33,17,2,2022-02-09,https://www.bilibili.com/video/BV12Z4y1o7a4
暗黑破坏神II,暗黑破坏神2版本2.4详解,1.9万 ,101,582,133,60,136,2021-12-17,https://www.bilibili.com/video/BV1LZ4y1X7fC
暗黑破坏神II,【暗黑破坏神2重制版】254MF为最优？255MF却是最差？直接刷出结论（中）,3.6万 ,55,420,120,72,89,2021-10-18,https://www.bilibili.com/video/BV19v411M7B7
暗黑破坏神II,【暗黑破坏神2】我和大佬的区别,2.6万 ,41,340,18,26,29,2021-12-08,https://www.bilibili.com/video/BV1bh411x7JG
暗黑破坏神II,【附选手集锦！！】这就是街舞第四季 Greenteck、Nelson、C、diablo、dykens要来了！！！众神来华（和bouboo一个级别甚超过,7.6万 ,244,548,60,469,442,2020-10-04,https://www.bilibili.com/video/BV11D4y1R7Vk
暗黑破坏神II,育碧35周年送游戏；《龙腾世纪：审判》《古墓丽影：崛起》《控制：终极合辑》领取；《螃蟹的游戏》《动物收容所》免费玩；《守望先锋2》和《暗黑破坏神4》延期推出,2.4万 ,54,1575,96,64,28,2021-11-03,https://www.bilibili.com/video/BV19u411o7vp
暗黑破坏神II,暗黑破坏神2【十大凶残怪物】咬不死你算你狠,7.3万 ,261,1176,96,133,20,2020-11-24,https://www.bilibili.com/video/BV1yy4y167fP
暗黑破坏神II,现任暴雪总裁离职，暗黑破坏神不朽跳票，动物派对明年发售,3.7万 ,71,2311,97,58,219,2021-08-04,https://www.bilibili.com/video/BV1gb4y1z7Dt
暗黑破坏神II,【纯娱乐勿模仿】暗黑破坏神2重制版【神圣火焰可汗玩法】,2890 ,16,121,22,12,7,2022-03-25,https://www.bilibili.com/video/BV1LR4y1c7Za
暗黑破坏神II,暗黑破坏神2【开荒完之后】天梯初期性价比之王玩法,1.0万 ,48,212,25,55,6,2022-02-16,https://www.bilibili.com/video/BV1gF411E7H3
暗黑破坏神II,暗黑破坏神2有价值的蓝色珠宝,5801 ,5,202,29,34,6,2022-03-09,https://www.bilibili.com/video/BV1CY411g7aD
暗黑破坏神II,【萌新必看】Part0 【Switch暗黑破坏神3】剧情通关以后该肝什么???零基础萌新大小秘境问题解答！,7.2万 ,161,536,420,524,95,2018-12-13,https://www.bilibili.com/video/BV1zt411v7p7
暗黑破坏神II,《暗黑破坏神不朽》实机试玩。,8.3万 ,321,94,17,48,293,2019-03-28,https://www.bilibili.com/video/BV1Hb411x7s6
暗黑破坏神II,【4K60帧】《暗黑破坏神2+毁灭之王资料片》全CG动画 AI修复补帧画质收藏版,6.4万 ,579,1217,330,1131,131,2020-12-27,https://www.bilibili.com/video/BV1eh411f7i6
暗黑破坏神II,暗黑破坏神的故事：世界起源【GADIO】丨机核,6.1万 ,1079,789,649,1050,198,2018-04-22,https://www.bilibili.com/video/BV1XW41157bw
暗黑破坏神II,暗黑破坏神2值得留的暗金剑,2.6万 ,75,446,27,64,1,2021-11-30,https://www.bilibili.com/video/BV11P4y1V7h6
暗黑破坏神II,这才是我想要的暗黑破坏神手游！！,4.0万 ,22,159,10,66,29,2021-10-13,https://www.bilibili.com/video/BV1EL4y167fH
暗黑破坏神II,【战斗蜗牛】暗黑破坏神2简述重置版战网和单机的区别,3.4万 ,83,837,272,206,39,2021-09-21,https://www.bilibili.com/video/BV1Q34y1S7Cy
暗黑破坏神II,暗黑破坏神2 过场动画 | 原版 vs 重制版 | 并排对比 (第一章和第二章),4.6万 ,496,552,19,164,421,2021-08-11,https://www.bilibili.com/video/BV1F64y1e7RF
暗黑破坏神II,暗黑破坏神2重制版战网2022.3.7物品价格,6584 ,7,142,15,8,20,2022-03-07,https://www.bilibili.com/video/BV1zU4y1f7Ud
暗黑破坏神II,暗黑破坏神2极品项链拥有者访谈,1.0万 ,45,272,10,24,28,2022-02-15,https://www.bilibili.com/video/BV1gb4y147FM
暗黑破坏神II,【合金萝卜】即将到来的2.3要更新什么【暗黑破坏神】,2.5万 ,189,442,95,57,216,2021-11-23,https://www.bilibili.com/video/BV1yq4y1B7QD
暗黑破坏神II,暗黑破坏神2重制版【凤凰双热玩法】,6084 ,9,165,27,39,7,2022-03-08,https://www.bilibili.com/video/BV1sF411b77N
暗黑破坏神II,【暗黑破坏神2重制版】从普通到地狱8PP 德鲁伊保姆级升级指南,2.1万 ,300,547,261,180,55,2021-11-29,https://www.bilibili.com/video/BV13F41187FK
暗黑破坏神II,《暗黑破坏神4》中文预告片CG,7.8万 ,318,309,28,238,697,2020-01-27,https://www.bilibili.com/video/BV1g7411r7bh
暗黑破坏神II,暗黑破坏神，召唤死灵有多强，远古野蛮人和巴尔都是弟弟,7.4万 ,126,864,50,78,8,2020-07-05,https://www.bilibili.com/video/BV1c54y1z7k2
暗黑破坏神II,《暗黑破坏神4》新职业“游侠”10分钟实机演示,7.4万 ,301,662,21,112,398,2021-02-22,https://www.bilibili.com/video/BV1qb4y1R7Xz
暗黑破坏神II,暗黑破坏神2过场动画,6.9万 ,1342,475,208,987,203,2015-04-14,https://www.bilibili.com/video/BV1Ts411D7j4
暗黑破坏神II,【战斗蜗牛】关于《暗黑破坏神2重置版》一些小看法,5.4万 ,1480,1683,587,248,105,2021-02-20,https://www.bilibili.com/video/BV18y4y1J7d2
暗黑破坏神II,暗黑破坏神2想要的装备找谁刷2,4.6万 ,72,650,162,541,67,2021-08-07,https://www.bilibili.com/video/BV1d64y1W7Q6
暗黑破坏神II,老王上线 暗黑2重制版2.4死灵法师给骷髅战士打工-土豪版//Diablo2R 2.4 NEC work for Skeletal Raise,3270 ,19,31,6,5,2,2022-03-26,https://www.bilibili.com/video/BV1XU4y1d7ZN
暗黑破坏神II,暗黑破坏神2女伯爵最大出多少号,3.9万 ,56,546,68,143,31,2021-09-22,https://www.bilibili.com/video/BV1N341127CG
暗黑破坏神II,暗黑破坏神2【各职业主流玩法】你毕业了几个？,6.9万 ,177,1107,198,613,65,2020-12-14,https://www.bilibili.com/video/BV1Wv41147xy
暗黑破坏神II,【暗黑破坏神3 野蛮人旋风斩三分钟速刷110层大秘境,7.8万 ,52,236,71,298,175,2020-02-22,https://www.bilibili.com/video/BV1T7411c7BR
暗黑破坏神II,暗黑破坏神4 现场试玩德鲁伊――暴雪嘉年华2019 （Diablo 4 gameplay）,7.7万 ,511,134,10,75,626,2019-11-01,https://www.bilibili.com/video/BV13E411t76D
暗黑破坏神II,【2楠解说】暗黑破坏神２法师最强速通，8PP专家全难度世界纪录３小时57分，Indrek创造！,4.1万 ,435,661,547,278,103,2021-08-04,https://www.bilibili.com/video/BV17f4y1L7nR
暗黑破坏神II,Diablo3刷哥布林路线推荐,8.2万 ,98,12,36,230,62,2016-05-18,https://www.bilibili.com/video/BV1Us411B7uq
暗黑破坏神II,（最新消息）《暗黑破坏神4》 2021年二季度开发进度消息最新流出,5.2万 ,101,308,9,34,28,2021-08-07,https://www.bilibili.com/video/BV1g3411z7k1
暗黑破坏神II,王权没有永恒：《暗黑破坏神》1代整个就是出悲剧【GADIO STORY】Vol.39丨机核,5.8万 ,352,1197,703,767,96,2019-01-28,https://www.bilibili.com/video/BV1eb411C7pr
暗黑破坏神II,《暗黑破坏神：不朽》手游试玩演练,8.0万 ,134,78,4,46,186,2018-11-03,https://www.bilibili.com/video/BV1Vb411w7rm
暗黑破坏神II,Switch版《暗黑破坏神3》7分钟实机试玩,7.6万 ,276,140,55,84,422,2018-08-21,https://www.bilibili.com/video/BV15W411Q77w
暗黑破坏神II,3分钟学会如何玩 暗黑破坏神2 重置版 战网注册 游戏注册,3.8万 ,10,253,102,380,415,2021-09-23,https://www.bilibili.com/video/BV12P4y1h7qo
暗黑破坏神II,暗黑破坏神2重制版2.4版本佣兵改动详解,1.2万 ,173,439,44,31,23,2022-01-22,https://www.bilibili.com/video/BV1XL4y147o7
暗黑破坏神II,【战斗蜗牛】暗黑破坏神2重置版-亲儿子锤子圣骑士混沌避难所,3.6万 ,105,639,150,89,53,2021-09-26,https://www.bilibili.com/video/BV1pL4y187od
暗黑破坏神II,暗黑破坏神2重制版法师新手开荒教学全难度打法详解,634 ,0,22,6,9,16,2022-04-07,https://www.bilibili.com/video/BV1vr4y1p7Vc
暗黑破坏神II,【实机照妖镜】暗黑破坏神不朽，封测战斗+系统实机演示,2.7万 ,153,208,11,14,34,2021-11-30,https://www.bilibili.com/video/BV1eS4y1X7oS
暗黑破坏神II,《暗黑破坏神4》：又传来令人振奋的好消息,2.2万 ,51,242,22,21,33,2021-12-21,https://www.bilibili.com/video/BV1Zb4y1v7vE
暗黑破坏神II,《暗黑破坏神：不朽》手游美服版---最新场景，角色，套装，技能演示,7.9万 ,88,197,5,57,252,2020-09-06,https://www.bilibili.com/video/BV1zt4y1i7ud
暗黑破坏神II,腾讯高质量ARPG暗黑风手游《拉结尔》，杂合了《暗黑破坏神》《流放之路》等,7.9万 ,141,175,20,62,168,2018-09-13,https://www.bilibili.com/video/BV1GW411y7uD
暗黑破坏神II,暗黑破坏神2卡通版笑传（第二章）,5.7万 ,625,1573,306,680,388,2021-03-02,https://www.bilibili.com/video/BV1yy4y1776r
暗黑破坏神II,暗黑破坏神：不朽 48人团本！主视角 详细过程,7.0万 ,64,193,24,32,357,2021-05-09,https://www.bilibili.com/video/BV1PA411G7nJ
暗黑破坏神II,《暗黑破坏神2》七大人物练法-冰火法师,6.6万 ,445,560,401,472,38,2019-05-10,https://www.bilibili.com/video/BV1Z4411Y7mF
暗黑破坏神II,《暗黑破坏神》20周年回顾,6.1万 ,883,72,867,480,236,2017-01-01,https://www.bilibili.com/video/BV1cs411Y7dX
暗黑破坏神II,[游戏心得] 暗黑破坏神2 重置版 3分钟记忆最好的底材选择,2.3万 ,33,562,348,1102,107,2021-10-22,https://www.bilibili.com/video/BV1E44y147RH
暗黑破坏神II,【合金萝卜】你也许不了解的另一个暗黑破坏神2【暗黑破坏神2】,5.3万 ,463,1351,423,245,64,2021-05-18,https://www.bilibili.com/video/BV1bK4y1G7hp
暗黑破坏神II,暗黑破坏神2重制版战网物品11月9日价格,2.4万 ,66,624,189,102,331,2021-11-08,https://www.bilibili.com/video/BV1Y34y1Z7Yr
暗黑破坏神II,【战斗蜗牛】暗黑破坏神2新人必看攻略之什么是极品黄戒指,3.9万 ,90,984,466,450,62,2021-07-29,https://www.bilibili.com/video/BV1J64y167dR
暗黑破坏神II,【暗黑破坏神2重制版】307MF值刷一下午劳模，会出什么好东西,3.9万 ,59,259,16,14,7,2021-10-05,https://www.bilibili.com/video/BV1WU4y1w7Ho
暗黑破坏神II,【小宇】3090真实画质 暗黑破坏神2重制版,7.0万 ,224,700,95,159,107,2021-04-18,https://www.bilibili.com/video/BV1Xb4y1D7ou
暗黑破坏神II,高清重制版《暗黑破坏神2》 又练了个死灵法师，凌晨我玩的都快要睡着了,7.8万 ,62,256,15,63,70,2020-11-21,https://www.bilibili.com/video/BV1Xi4y1L7xW
暗黑破坏神II,【暗黑破坏神2：狱火重生】有＂无限＂后就能通杀的85场景？居然有高达40种怪物对＂无限＂免疫！让冰系玩家绝望的场景？（Diablo 2 resurrected）,5398 ,3,66,18,24,3,2022-03-13,https://www.bilibili.com/video/BV15u411B7me
暗黑破坏神II,暗黑破坏神3在小米12的骁龙8gen1上面表现挺稳，就是有亿点热！,1.3万 ,1,88,4,14,13,2022-02-06,https://www.bilibili.com/video/BV1uu41197un
暗黑破坏神II,暗黑破坏神2极品蓝色装备盘点,1.6万 ,71,403,31,104,46,2022-01-07,https://www.bilibili.com/video/BV1ka411z7bi
暗黑破坏神II,【中字】Sanago_3D笔制作暗黑破坏神 耗时一个月的大制作,4.1万 ,416,2532,632,1499,625,2020-03-01,https://www.bilibili.com/video/BV1nE411E7M8
暗黑破坏神II,暴雪为什么和网易合作做手游暗黑破坏神不朽？游戏外媒独家采访@熊猫游戏字幕组,7.2万 ,673,304,31,157,190,2018-11-05,https://www.bilibili.com/video/BV1Nb411A7J3
暗黑破坏神II,【ALiEN舞室】红唇腹肌Luna Hyun夏日清凉授课Euanflow编舞蕾哈娜Love On The Brain (Don Diablo Remix),6.6万 ,25,460,44,2289,418,2018-09-11,https://www.bilibili.com/video/BV1xW411C7iD
暗黑破坏神II,Diablo III-25赛季-套装地下城精通-武僧千飓风,1097 ,0,7,5,5,2,2022-04-06,https://www.bilibili.com/video/BV1zT4y1v7vf
暗黑破坏神II,【魔兽世界＋守望先锋＋星际争霸＋暗黑破坏神】风暴哪个英雄最受欢迎？看完这份排行你就知道了【数据可视化】【暴雪】【风暴英雄】,5.5万 ,560,325,1244,190,159,2018-09-09,https://www.bilibili.com/video/BV1WW411o7u3
暗黑破坏神II,暗黑破坏神2双热天花板【凤凰双热圣骑士】,1.0万 ,106,335,29,42,15,2022-02-01,https://www.bilibili.com/video/BV16Z4y1d7JR
暗黑破坏神II,暗黑破坏神2十大值得拥有符文之语,1.3万 ,26,365,63,186,10,2022-01-13,https://www.bilibili.com/video/BV1PF411i7GJ
暗黑破坏神II,暗黑破坏神3 全职业各流派燃场混剪-合集(完结),6.0万 ,427,367,391,652,227,2017-09-20,https://www.bilibili.com/video/BV1Lx411x76B
暗黑破坏神II,暗黑破坏神3：夺魂之镰首日初破（全部更新完毕）,6.8万 ,1557,43,76,230,17,2014-03-25,https://www.bilibili.com/video/BV1is411Z76J
暗黑破坏神II,暗黑破坏神2 隐藏任务合辑 超级大菠萝 6boss,7.0万 ,406,116,37,209,82,2017-07-21,https://www.bilibili.com/video/BV1tx411i7xu
暗黑破坏神II,暗黑破坏神2死灵法师通关（已完结）,6.7万 ,857,139,141,351,30,2017-05-02,https://www.bilibili.com/video/BV1ox411276N
暗黑破坏神II,暗黑破坏神3资料片：夺魂之镰,7.0万 ,1030,26,42,291,74,2013-08-21,https://www.bilibili.com/video/BV1ys411f7yM
暗黑破坏神II,暗黑破坏神2狱火重生，有生之年的冰法单手法杖。,3.4万 ,123,250,18,26,20,2021-10-08,https://www.bilibili.com/video/BV16q4y1R7Ge
暗黑破坏神II,《暗黑破坏神 不朽》美服2022上半年上线，iOS占位时间6月30号,2277 ,7,47,投币,1,15,2022-03-28,https://www.bilibili.com/video/BV1qu411v78V
暗黑破坏神II,渡过了与Eminem的战争，Machine Gun Kelly的经历让他创造出了一张可能是他生涯最棒的专辑－《Hotel Diablo》,4.3万 ,298,1689,714,583,147,2019-11-27,https://www.bilibili.com/video/BV1XJ411X73D
暗黑破坏神II,【暗黑破坏神】我用后期把它变成了页游！！！,2.1万 ,25,748,252,83,152,2021-10-29,https://www.bilibili.com/video/BV1o44y1v7Ev
暗黑破坏神II,暗黑破坏神2重制版天梯【纯召唤德玩法】,4381 ,18,181,19,17,8,2022-03-10,https://www.bilibili.com/video/BV1HP4y1g77U
暗黑破坏神II,《暗黑破坏神II》20周年纪念视频：速刷巴尔,5.3万 ,89,1136,449,254,344,2020-06-29,https://www.bilibili.com/video/BV1N5411Y7n4
暗黑破坏神II,【战斗蜗牛】暗黑破坏神2新人必看攻略之什么叫极品手套,3.0万 ,55,874,301,214,30,2021-09-06,https://www.bilibili.com/video/BV1B3411i72W
暗黑破坏神II,暗黑破坏神2值得升级的绿装【死亡腰带】,1.0万 ,8,281,23,31,3,2022-02-03,https://www.bilibili.com/video/BV1AR4y177HT
暗黑破坏神II,暗黑破坏神2重制版Mod如何使用,1815 ,1,102,22,17,1,2022-03-27,https://www.bilibili.com/video/BV19F411W7Xb
暗黑破坏神II,暗黑破坏神2重制版天梯版本佣兵全解,5302 ,6,191,43,21,6,2022-03-03,https://www.bilibili.com/video/BV1HF411b7FQ
暗黑破坏神II,暗黑破坏神4CG中召唤出莉莉丝的人会是谁？,7.0万 ,88,132,16,34,4,2019-11-08,https://www.bilibili.com/video/BV1TE411v7fU
暗黑破坏神II,【wB】NS《暗黑破坏神3》剧情模式全流程（完结）,6.0万 ,188,509,267,651,75,2019-04-18,https://www.bilibili.com/video/BV1Kb411L7gn
暗黑破坏神II,switch掌机暗黑破坏神2后期刷怪会卡吗，看下就知道！太强了！,3.6万 ,63,127,3,6,34,2021-10-01,https://www.bilibili.com/video/BV16Q4y1Q7UJ
暗黑破坏神II,兔兔鸡《暗黑破坏神2》［暗金珠宝］彩虹刻面 这是啥？去哪弄？有啥用？值钱吗？,3.4万 ,217,878,192,141,25,2021-08-27,https://www.bilibili.com/video/BV1AL41187VV
暗黑破坏神II,《暗黑破坏神2》高清重制版正式发表！登陆PC与主机平台,6.3万 ,52,272,26,67,871,2021-02-19,https://www.bilibili.com/video/BV1By4y1h7Kw
暗黑破坏神II,全球预约超1亿的暗黑破坏神不朽来了，暴雪网易强强联手出品！,6.4万 ,36,275,12,21,52,2021-04-26,https://www.bilibili.com/video/BV1cA41157dV
暗黑破坏神II,Steam白嫖机会！《暗黑破坏神4》游戏总监遭解雇；《永劫无间》全球公测开启；国产古风悬疑《古镜记》发售；《羞辱2》新史低超低价【游戏速报】,3.2万 ,46,1610,66,97,33,2021-08-12,https://www.bilibili.com/video/BV1ih411B7vc
暗黑破坏神II,【中字】《暗黑破坏神4》的开放世界是怎么样的,6.5万 ,86,453,23,105,47,2019-11-25,https://www.bilibili.com/video/BV1aJ411R7Hy
暗黑破坏神II,【暗黑破坏神4】Kripp试玩视频 全程2小时 野蛮人 德鲁伊 巫师 暴雪嘉年华多方位全体验 1080P,6.1万 ,734,334,44,236,708,2019-11-02,https://www.bilibili.com/video/BV1yE411t76W
暗黑破坏神II,暗黑破坏神2如何快速爆符文？2022-03-22 20-31-23,3537 ,7,18,投币,3,1,2022-03-22,https://www.bilibili.com/video/BV1b44y1N7KL
暗黑破坏神II,暗黑破坏神2战网20220316物价,3348 ,2,125,30,10,14,2022-03-17,https://www.bilibili.com/video/BV1PU4y1Z7QU
暗黑破坏神II,暗黑破坏神2重制版【野蛮人杀血鸟】,6.3万 ,177,527,43,51,225,2021-04-08,https://www.bilibili.com/video/BV1qU4y1h7Ba
暗黑破坏神II,【Anny游戏推荐】Switch 九月份十大最新游戏推荐 | 瓦利欧制造 | 符文工厂5 | 暗黑破坏神II | 风来之国 | 索尼克缤纷色彩,3.2万 ,112,962,178,204,147,2021-08-25,https://www.bilibili.com/video/BV1yq4y1K7w5
暗黑破坏神II,暗黑破坏神2重制版战网2022.3.9物价继续跳水,4809 ,1,127,19,7,16,2022-03-09,https://www.bilibili.com/video/BV1GL411P78U
暗黑破坏神II,暗黑破坏神2【二十大装备点评】你爆过几个神器,6.0万 ,463,848,145,209,27,2021-03-08,https://www.bilibili.com/video/BV1Z5411A7E2
暗黑破坏神II,暗黑破坏神2【后期高性价比符文之语】通关毕业少不了,5.4万 ,109,892,312,975,64,2020-12-27,https://www.bilibili.com/video/BV1Qf4y1e7fh
暗黑破坏神II,暗黑破坏神2出货的一瞬间！,6.7万 ,17,206,20,24,6,2020-06-20,https://www.bilibili.com/video/BV1sv411B7TL
暗黑破坏神II,暗黑破坏神4 / 暗黑破坏神 IV 演示CG 高清 [英语中字熟肉 中文字幕],6.6万 ,97,221,27,173,276,2019-11-09,https://www.bilibili.com/video/BV1zE411v7gM
暗黑破坏神II,暗黑破坏神3：天怒（官方前传动画短片）,6.3万 ,932,120,66,605,226,2012-05-08,https://www.bilibili.com/video/BV1Kx411F7NB
暗黑破坏神II,骁龙855高帧率《暗黑破坏神不朽》35级副本+日常任务,6.4万 ,123,187,22,42,251,2021-04-27,https://www.bilibili.com/video/BV1M64y117zf
暗黑破坏神II,官宣！暗黑破坏神手游预计6月30日发布,2135 ,52,21,4,2,4,2022-03-29,https://www.bilibili.com/video/BV1j5411S7cd
暗黑破坏神II,【战斗蜗牛】暗黑破坏神2锤子盾击复仇圣骑士攻略,6.1万 ,440,413,211,292,62,2017-09-16,https://www.bilibili.com/video/BV1Cx411s7Ao
暗黑破坏神II,暗黑破坏神2重制版龙虎武学刺客玩法,3.6万 ,91,331,36,89,41,2021-09-10,https://www.bilibili.com/video/BV1uL4y1a7WE
暗黑破坏神II,暗黑破坏神2倒地后装备没了怎么破,5460 ,8,178,31,20,8,2022-03-01,https://www.bilibili.com/video/BV1aS4y167e7
暗黑破坏神II,暗黑破坏神25周年纪念宣传片,1.6万 ,30,303,3,39,59,2021-12-31,https://www.bilibili.com/video/BV1BS4y1K7Xh
暗黑破坏神II,【暗黑破坏神2重制版】一口气鉴定100枚暗金戒指 究竟能出多少乔丹？,1.4万 ,182,502,143,30,54,2021-12-16,https://www.bilibili.com/video/BV1QQ4y1a7CR
暗黑破坏神II,【更新1080P】刺客+亚马逊+猎魔人？《暗黑破坏神4》2021新增职业游侠实机演示,5.8万 ,422,622,46,116,396,2021-02-20,https://www.bilibili.com/video/BV1cU4y1s7oD
暗黑破坏神II,[暗黑破坏神2狱火重生] 终于组了四件拓荒神装，法师无脑传送开荒效率贼高,3.3万 ,49,295,38,197,29,2021-09-26,https://www.bilibili.com/video/BV1D341127Fc
暗黑破坏神II,暗黑破坏神2重置版――祝福之锤圣骑士PVC简要介绍及战网8PP通刷超市实战演示,2.2万 ,146,340,271,472,49,2021-10-21,https://www.bilibili.com/video/BV1kf4y1g7uq
暗黑破坏神II,暗黑破坏神2重制版天梯【天堂双热骑士】,4938 ,20,165,14,16,7,2022-03-07,https://www.bilibili.com/video/BV13F41147kE
暗黑破坏神II,暗黑破坏神2【佣兵大全】带你了解佣兵的一切,5.6万 ,124,968,105,307,21,2021-01-10,https://www.bilibili.com/video/BV1Tf4y1y7iR
暗黑破坏神II,最新 2.4 强力拓荒角色！| 天拳丁拓荒 | 圣骑士 | 暗黑破坏神2狱火重生 | Diablo 2 Resurrected,1349 ,1,39,19,17,分享,2022-03-31,https://www.bilibili.com/video/BV1ui4y1X7re
暗黑破坏神II,没看本视频不要打都瑞尔 暗黑2重制小贴士 如何Bug击杀都瑞尔 如何间接提高Boss掉落 D2R diablo duriel,93 ,0,7,4,收藏,1,2022-04-10,https://www.bilibili.com/video/BV155411U7PH
暗黑破坏神II,【Callout自己老师被干哭是什么体验】大菠萝Diablo Vs Niako @ Forzeconnexion Dance Battle,4308 ,5,86,5,66,6,2022-03-13,https://www.bilibili.com/video/BV1f341157Fp
暗黑破坏神II,《暗黑破坏神2重制中文版》死灵开荒记！,5.8万 ,329,379,95,262,54,2021-04-19,https://www.bilibili.com/video/BV1ri4y1A7Sk
暗黑破坏神II,2021年12月《暗黑破坏神4》季度更新演示，战斗，技能效果，物品更新,1.7万 ,173,138,7,44,244,2021-12-20,https://www.bilibili.com/video/BV1FF41167uq
暗黑破坏神II,【暴雪嘉年华2019】《暗黑破坏神4》实机演示预告公布！各大职业曝光！,5.6万 ,197,201,33,123,1837,2019-11-01,https://www.bilibili.com/video/BV1ME411t7aY
暗黑破坏神II,暗黑破坏神，遇到死灵骷髅大军，地狱三BB都是弟弟,6.4万 ,58,238,15,33,3,2019-10-25,https://www.bilibili.com/video/BV1hE41117P8
暗黑破坏神II,迪亚波罗 Diablo team 4 kills,504 ,0,28,投币,1,分享,2022-04-07,https://www.bilibili.com/video/BV1YT4y1v7xz
暗黑破坏神II,【暗黑破坏神2 重制版】15分钟快速通过1-5章任务流程及打孔任务,2.5万 ,13,257,139,551,232,2021-10-12,https://www.bilibili.com/video/BV1FT4y1o7jU
暗黑破坏神II,暗黑破坏神2重制版，德鲁伊动物园补丁效果展示,1.5万 ,166,953,123,41,10,2021-11-25,https://www.bilibili.com/video/BV1wP4y1V7f5
暗黑破坏神II,芬兰交响乐团震撼演奏---暗黑破坏神 崔斯特瑞姆 交响乐版 听着心里毛毛的,4.5万 ,220,1240,363,993,383,2021-01-17,https://www.bilibili.com/video/BV1LK4y1W7X8
暗黑破坏神II,暗黑破坏神2重制版物理弓马玩法,3.3万 ,95,414,62,206,52,2021-09-07,https://www.bilibili.com/video/BV1z64y1Y7Ar
暗黑破坏神II,暗黑破坏神2眼光符文之语制作要点,2.9万 ,22,435,37,137,21,2021-10-06,https://www.bilibili.com/video/BV1jQ4y1X7Yz
暗黑破坏神II,［兔兔鸡］《暗黑破坏神2》符文之语的故事02［12#-19#］ 装备品质级别 打孔方式,4.4万 ,228,908,427,438,49,2021-05-13,https://www.bilibili.com/video/BV17B4y1F7zW
暗黑破坏神II,暗黑破坏神2重制版2.4可以登场的套装【娜吉套装】,9595 ,17,269,15,13,3,2022-02-03,https://www.bilibili.com/video/BV1Fi4y1f7Jd
暗黑破坏神II,暗黑破坏神2重制版奶牛关，亚马逊女战士的实力缩水了吗？,3.2万 ,67,317,27,26,67,2021-09-24,https://www.bilibili.com/video/BV1Jq4y1P74o
暗黑破坏神II,暗黑破坏神2重制版天梯【天堂之拳横扫超市】,4830 ,22,186,31,20,20,2022-03-03,https://www.bilibili.com/video/BV1KL411N7VH
暗黑破坏神II,暗黑破坏神2重制版祝福之锤圣骑士玩法,3.7万 ,83,405,76,209,58,2021-08-22,https://www.bilibili.com/video/BV1Dh411i7Eb
暗黑破坏神II,【暗黑破坏神2 1.11b】时隔15年，暗黑2终于发展出新玩法，强化+的时代，刺客成为最强PVC英雄，Assassin全清高难度场景,6.5万 ,97,57,8,58,9,2019-05-04,https://www.bilibili.com/video/BV1E4411i7C4
暗黑破坏神II,【大橘猫的暗黑破坏神3】暗黑3最轻松的职业,6.6万 ,30,51,4,20,11,2018-10-21,https://www.bilibili.com/video/BV19t411o7qm
暗黑破坏神II,大胡子叔叔最新 暗黑破坏神 日光守卫锻造 /Sun Keeper Build,5.9万 ,981,183,66,831,98,2017-02-10,https://www.bilibili.com/video/BV1Tx41127rE
暗黑破坏神II,《暗黑破坏神2：狱火重生》动画预告片 游戏中国时间9月24日全平台发售,3.1万 ,54,403,29,51,363,2021-09-13,https://www.bilibili.com/video/BV1VU4y1N7fE
暗黑破坏神II,[暗黑破坏神2]超高效法师拓荒讲解 | 地狱,2.5万 ,61,355,249,313,23,2021-10-04,https://www.bilibili.com/video/BV1Gq4y1d7Yk
暗黑破坏神II,『暗黑破坏神：不朽』全面评测，主线值得玩，但细节仍待改进,1.5万 ,79,750,38,44,45,2021-12-02,https://www.bilibili.com/video/BV16R4y1476E
暗黑破坏神II,坐15小时飞机就为了去美国玩暗黑破坏神4！还原一个最真实的暴雪嘉年华,2.6万 ,503,1601,1429,380,106,2019-11-05,https://www.bilibili.com/video/BV11E411B7dC
暗黑破坏神II,【曾经出品】暗黑破坏神3各职业流派演示-死灵法师召唤流速刷,6.2万 ,43,88,31,94,58,2018-02-28,https://www.bilibili.com/video/BV1mW411s7ao
暗黑破坏神II,暗黑破坏神2悔恨的实际伤害怎么看,1.0万 ,139,392,52,32,27,2022-01-15,https://www.bilibili.com/video/BV1UP4y1j7qu
暗黑破坏神II,《暗黑破坏神2：狱火重生》当施法速度达到200%会怎麽样，暗黑最高师法速度，传送快得眼睛都跟不上！,2.9万 ,99,214,6,31,66,2021-10-11,https://www.bilibili.com/video/BV14P4y1t7cH
暗黑破坏神II,暗黑破坏神2【超越悔恨的单手武器】,4.5万 ,154,775,80,78,20,2021-06-14,https://www.bilibili.com/video/BV1qU4y1576S
暗黑破坏神II,暴雪手游【暗黑破坏神：不朽】国服客户端开放下载！首测动画公布！,3.9万 ,64,757,64,37,167,2021-07-14,https://www.bilibili.com/video/BV1XB4y1N7iN
暗黑破坏神II,暗黑破坏神2弹奏：当音乐响起，我耳畔彷佛还是那句：stay a while and listen...,4.0万 ,106,1416,471,911,279,2020-08-26,https://www.bilibili.com/video/BV15h411R7pX
暗黑破坏神II,【暗黑破坏神2】教你暗黑2中10个小诀窍,6.3万 ,147,86,11,152,15,2017-08-10,https://www.bilibili.com/video/BV1yx411n7ap
暗黑破坏神II,荣耀平板V7Pro｜steam｜性价比｜学生党｜安卓｜开箱｜吃鸡｜街霸5｜育碧｜赛博朋克2077｜暗黑破坏神重制｜游戏体验｜网络游戏｜单机游戏｜格斗游戏｜三里屯,1287 ,2,18,15,8,7,2022-04-01,https://www.bilibili.com/video/BV1d5411S76W
暗黑破坏神II,暗黑破坏神 纯招死灵 八人组团 Diablo 2 - 8 SUMMON NECROS 'SPEED'RUN,2.9万 ,93,222,7,57,130,2021-09-25,https://www.bilibili.com/video/BV1U64y1h746
暗黑破坏神II,暗黑破坏神2重置版――95级后该如何继续快速稳定的升级？,2.1万 ,96,230,86,139,33,2021-11-15,https://www.bilibili.com/video/BV1p341187LA
暗黑破坏神II,“魔幻升级”《暗黑破坏神4》巫师10分钟试玩演示,6.2万 ,75,120,8,38,48,2019-11-06,https://www.bilibili.com/video/BV1UE411i7ie
暗黑破坏神II,有生之年系列暗黑破坏神4实机演示,5.7万 ,676,155,62,121,412,2019-11-01,https://www.bilibili.com/video/BV1uE411t76Z
暗黑破坏神II,直到地狱的尽头，至死方休――暗黑破坏神2的猎魔故事【Gadio Story】Vol.51丨机核,4.5万 ,388,912,437,597,44,2019-05-25,https://www.bilibili.com/video/BV1p4411s7S7
暗黑破坏神II,暗黑破坏神，地狱都瑞尔再厉害，也扛不住二十多召唤物,6.1万 ,34,231,22,33,7,2019-04-29,https://www.bilibili.com/video/BV1L441187Nu
暗黑破坏神II,暗黑破坏神亡了？暴雪嘉年华2018上的高光时刻,5.3万 ,228,359,105,380,801,2018-11-08,https://www.bilibili.com/video/BV1qb411c7BQ
暗黑破坏神II,【战斗蜗牛】暗黑破坏神2火法攻略,5.6万 ,190,312,181,208,56,2017-09-16,https://www.bilibili.com/video/BV1rx411s7eq
暗黑破坏神II,（全部更新完成）【战斗蜗牛】暗黑破坏神2备战重置版的地图该怎么走？,2.1万 ,54,785,585,539,67,2021-08-29,https://www.bilibili.com/video/BV1RM4y1V7Nr
暗黑破坏神II,暗黑破坏神2重制版2.4版本套装和场景改动_蓝姆是20号,1.1万 ,24,285,21,35,15,2022-01-22,https://www.bilibili.com/video/BV1934y1i7JK
暗黑破坏神II,暗黑破坏神2重制版120元买回家,2.1万 ,13,192,20,38,84,2021-11-29,https://www.bilibili.com/video/BV1X34y1R7vD
暗黑破坏神II,【合金萝卜】“暗黑2别更新”，我可能不是真心的【暗黑破坏神2重制版】,2.6万 ,852,672,116,69,25,2021-09-17,https://www.bilibili.com/video/BV13U4y1N7yM
暗黑破坏神II,暗黑破坏神2多少防御算高,6963 ,25,242,29,14,4,2022-02-14,https://www.bilibili.com/video/BV1Fb4y1477k
暗黑破坏神II,暗黑破坏神2重制版纯召唤死灵玩法,3.4万 ,93,477,100,223,49,2021-08-20,https://www.bilibili.com/video/BV1Yb4y1S7Y3
暗黑破坏神II,暗黑破坏神2双枪玩法,3.7万 ,107,649,101,47,4,2021-08-01,https://www.bilibili.com/video/BV1cq4y197qN
暗黑破坏神II,暗黑破坏神2【纯骨死灵玩法】,3236 ,25,143,27,15,2,2022-03-14,https://www.bilibili.com/video/BV1Fi4y1C7hi
暗黑破坏神II,更新后，暗黑破坏神2重置版 第三幕、第四幕、第五幕开荒,4.1万 ,86,183,8,21,46,2021-08-06,https://www.bilibili.com/video/BV1H3411z7HK
暗黑破坏神II,手游单机版，火炬之光＋暗黑破坏神之Eterniu,6.2万 ,29,109,11,117,14,2020-02-02,https://www.bilibili.com/video/BV1v7411W7wK
暗黑破坏神II,当你放弃魔兽世界，去玩暗黑破坏神三时,6.2万 ,153,98,29,60,123,2019-03-01,https://www.bilibili.com/video/BV1pb411b766
暗黑破坏神II,【Switch每日情报】《宝可梦Let's Go》限定机公布太好看了！+《暗黑破坏神3》难道真的没中文？+“炼金工房”新作12月发售,3.9万 ,142,509,1058,165,365,2018-09-11,https://www.bilibili.com/video/BV1nW411C7pv
暗黑破坏神II,暗黑破坏神2――发售TV广告（2000）,5.4万 ,19,657,22,137,197,2021-02-24,https://www.bilibili.com/video/BV1cy4y1a74Z
暗黑破坏神II,暗黑破坏神高清版，有了眼球，怎么能不练法师,4.4万 ,218,1169,440,124,14,2020-10-05,https://www.bilibili.com/video/BV17i4y1E7mL
暗黑破坏神II,暗黑破坏神2卡通版笑传（战网篇）,5.2万 ,106,874,62,194,102,2020-11-19,https://www.bilibili.com/video/BV15a411w7x2
暗黑破坏神II,【暗黑破坏神4】首批预告片观看反应【附预告片合集】,5.6万 ,280,280,127,194,236,2019-11-01,https://www.bilibili.com/video/BV13E411t7vA
暗黑破坏神II,【战斗蜗牛】暗黑破坏神2重置版符文之语眼光回蓝到底改了没？,2.4万 ,25,679,167,42,11,2021-09-29,https://www.bilibili.com/video/BV1WT4y1Z7qe
暗黑破坏神II,【暗黑破坏神4】侠盗新职业7分钟实机演示,5.7万 ,221,218,5,77,207,2021-02-19,https://www.bilibili.com/video/BV1Ho4y1R71T
暗黑破坏神II,暗黑破坏神3第23赛季猎魔人冰吞流装备技能随从搭配讲解,4.7万 ,30,566,351,828,153,2021-04-13,https://www.bilibili.com/video/BV1ZA411574m
暗黑破坏神II,【暗黑破坏神2重制版】如何正确割草地狱？亚马逊单人无协助从零到地狱（中）,1.8万 ,144,433,193,145,12,2021-11-12,https://www.bilibili.com/video/BV14F411h7qe
暗黑破坏神II,《暗黑破坏神2》七大人物练法-弓马,5.5万 ,153,342,178,205,11,2019-10-13,https://www.bilibili.com/video/BV1iE411d7B7
暗黑破坏神II,暴雪要翻身了？暗黑破坏神4与守望先锋2或许不远了！,9460 ,5,312,39,110,1,2022-01-24,https://www.bilibili.com/video/BV1pb4y1n7Cr
暗黑破坏神II,《暗黑破坏神2重制版》Beta测试［深度评测报告］视听&性能&网络&其他,2.6万 ,1080,832,263,76,69,2021-08-19,https://www.bilibili.com/video/BV17U4y1E7Zx
暗黑破坏神II,暗黑破坏神2 开荒前期三大符文详细介绍攻略,5.1万 ,140,548,228,361,35,2020-11-12,https://www.bilibili.com/video/BV1TK411V771
暗黑破坏神II,经典游戏CG动画暗黑破坏神1代角色扮演类开山鼻祖的cg动画怀念儿时的味道,9242 ,31,100,6,24,3,2022-02-08,https://www.bilibili.com/video/BV1uY411L7QG
暗黑破坏神II,继圣火丁之后又有角色做坏了？ ！  | 最新PTR 2.4版本天梯实测 | 德鲁伊 | 暗黑破坏神2狱火重生,3986 ,15,74,20,10,17,2022-03-10,https://www.bilibili.com/video/BV1hr4y1B7ZE
暗黑破坏神II,【IGN】《暗黑破坏神4》季度近况更新视频,3.8万 ,316,599,48,208,331,2021-07-01,https://www.bilibili.com/video/BV1dM4y1T7hy
暗黑破坏神II,【爆笑暗黑破破坏神】LOD首映电影《暗黑破坏神2》动画版同人Q版动画Diablo2大菠萝,2.7万 ,56,525,16,59,49,2021-10-01,https://www.bilibili.com/video/BV1y34y1D7zF
暗黑破坏神II,《暗黑破坏神4》新演示视频 野蛮人威风凛凛,5.0万 ,443,580,25,116,458,2020-06-01,https://www.bilibili.com/video/BV1Xk4y1B7ZN
暗黑破坏神II,【暗黑破坏神：不朽】国服首测：卖到500元的激活码到底好玩不？,3.6万 ,232,723,101,51,238,2021-07-20,https://www.bilibili.com/video/BV1XL411H7HW
暗黑破坏神II,《暗黑破坏神3》回顾与评析（3）暗黑2与暗黑3，谁才是更好的暗黑破坏神,1.8万 ,346,697,445,186,56,2021-09-22,https://www.bilibili.com/video/BV1q3411y7hW
暗黑破坏神II,【中英双语】《暗黑破坏神2重制版》第一章和第二章过场动画 | Diablo,3.5万 ,235,456,52,258,587,2021-08-11,https://www.bilibili.com/video/BV1Jv411T7QV
game_name,title,view,dm,like,coin,collect,share,upload_date,url
暗黑破坏神II,An error was raised,,,,,,,,https://www.bilibili.com/video/BV1i7411i7L8
暗黑破坏神II,暗黑破坏神2【如何找恰西无限次注入】,4.7万 ,192,796,126,390,21,2021-04-30,https://www.bilibili.com/video/BV1JK4y1N785
暗黑破坏神II,暗黑破坏神2重制版天梯【迷雾3美眉玩法】,4176 ,26,157,25,19,6,2022-03-06,https://www.bilibili.com/video/BV14b4y1W7J5
暗黑破坏神II,Diablo III-25赛季-套装地下城精通-武僧-乌莲娜,722 ,1,8,8,3,分享,2022-04-06,https://www.bilibili.com/video/BV1V94y1Z7XZ
暗黑破坏神II,暗黑破坏神2（重制版）-新手教程01 符文之语底材,2.6万 ,22,530,198,487,50,2021-09-07,https://www.bilibili.com/video/BV1Hf4y1J7ZD
暗黑破坏神II,你爱了吗？#暗黑破坏神在身边#月宫,4.9万 ,25,1031,48,292,285,2020-03-04,https://www.bilibili.com/video/BV1LE41147dV
暗黑破坏神II,【童年巴士】NS 暗黑破坏神3 原来这就是大菠萝… 直播试玩实况视频 任天堂Switch,5.9万 ,97,70,24,73,86,2018-11-08,https://www.bilibili.com/video/BV1Vb411c72Q
暗黑破坏神II,【2楠讲解】暗黑破坏神2地图攻略第三章！拒绝迷路！,2.1万 ,40,516,397,392,130,2021-09-18,https://www.bilibili.com/video/BV1Aq4y1K7Av
暗黑破坏神II,【搓盘子这东西，看久了会上瘾的】Oliver Heldens vs Don Diablo Live Mix,5.4万 ,215,244,54,900,90,2017-06-17,https://www.bilibili.com/video/BV1nx411h7Wr
暗黑破坏神II,暗黑4季度近况？美术作品发表！ | 暗黑破坏神4,993 ,1,25,8,4,1,2022-04-04,https://www.bilibili.com/video/BV1744y1P7zp
暗黑破坏神II,最强重置版 暗黑破坏神2 MOD 安装攻略（游戏本体：恐怖黎明）,4.3万 ,9,470,385,765,111,2021-01-01,https://www.bilibili.com/video/BV1a64y1Z7E6
暗黑破坏神II,"[暗黑破坏神2|Diablo2]你该留的装备P1 | 独特项链,戒指,头盔, 盔甲篇",2.4万 ,28,342,230,531,101,2021-09-18,https://www.bilibili.com/video/BV1RQ4y1r73i
暗黑破坏神II,暗黑破坏神2【哪些怪物能掉所有东西】,4.1万 ,88,897,164,204,19,2021-05-23,https://www.bilibili.com/video/BV1Zo4y1y7ov
暗黑破坏神II,【战斗蜗牛】暗黑破坏神2重置版-华丽闪电之怒-标枪亚马逊牛场,2.4万 ,34,504,107,55,60,2021-09-30,https://www.bilibili.com/video/BV16T4y1Z7MF
暗黑破坏神II,［兔兔鸡］《暗黑破坏神2》符文之语的故事03［20#-23#］无形底材 BUG打孔,3.7万 ,155,901,430,350,32,2021-05-17,https://www.bilibili.com/video/BV1w54y1V72U
暗黑破坏神II,暗黑破坏神2重制版【祝福之锤圣骑士】,3223 ,8,142,25,16,3,2022-03-12,https://www.bilibili.com/video/BV1x34y1873x
暗黑破坏神II,[暗黑破坏神2z火重生] 持续蹲崔凡克后50场，议员的钻石大礼包真的不是盖的！高符都o了,2.5万 ,108,129,3,12,101,2021-10-24,https://www.bilibili.com/video/BV1G34y1U7pY
暗黑破坏神II,暗黑破坏神2【双热圣骑士】玩法介绍,4.9万 ,147,526,148,477,58,2021-02-23,https://www.bilibili.com/video/BV1Xy4y1h7sZ
暗黑破坏神II,暗黑破坏神2战网物品22.1.14价格,1.1万 ,107,262,22,14,31,2022-01-14,https://www.bilibili.com/video/BV1Xr4y1v7my
暗黑破坏神II,暗黑破坏神2，凯恩笔记本，肛需即取,3.2万 ,26,324,106,270,25,2021-08-18,https://www.bilibili.com/video/BV1eU4y1E71K
暗黑破坏神II,暗黑破坏神2高性价比纯电玩法,5248 ,26,180,34,49,6,2022-02-23,https://www.bilibili.com/video/BV1Bi4y127cE
暗黑破坏神II,暗黑破坏神2重制版2.4版本技能改动详解,8534 ,210,302,37,54,60,2022-01-22,https://www.bilibili.com/video/BV1xq4y1c714
暗黑破坏神II,暗黑破坏神2重制版战网【黑毛改为全服触发】,8755 ,9,196,8,13,43,2022-02-04,https://www.bilibili.com/video/BV1uu41197FU
暗黑破坏神II,暗黑破坏神2重制版2.4版本佣兵全解,7726 ,119,314,48,34,4,2022-01-31,https://www.bilibili.com/video/BV1z5411Z7cT
暗黑破坏神II,【手游】测试的差不多了也该上了吧！《暗黑破坏神 不朽》游玩体验,1.3万 ,99,482,36,47,24,2021-12-21,https://www.bilibili.com/video/BV1Q3411x7DD
暗黑破坏神II,【moon】暗黑三玩了六年终于攒够了！（暴雪 暗黑破坏神3 第21赛季）,5.7万 ,38,159,8,22,1,2020-07-06,https://www.bilibili.com/video/BV1aV41167TF
暗黑破坏神II,【战斗蜗牛】暗黑破坏神2新人必看攻略之橙色手工装备详解,2.6万 ,76,847,589,694,91,2021-07-02,https://www.bilibili.com/video/BV1no4y1C7fk
game_name,title,view,dm,like,coin,collect,share,upload_date,url
game_name,title,view,dm,like,coin,collect,share,upload_date,url
game_name,title,view,dm,like,coin,collect,share,upload_date,url
game_name,title,view,dm,like,coin,collect,share,upload_date,url
game_name,title,view,dm,like,coin,collect,share,upload_date,url
game_name,title,view,dm,like,coin,collect,share,upload_date,url
game_name,title,view,dm,like,coin,collect,share,upload_date,url
